timestamp, index, utilization.gpu [%], utilization.memory [%], memory.used [MiB]
2026/09/29 14:16:39.380, 0, 0 %, 0 %, 1 MiB
2026/09/29 14:16:39.387, 1, 0 %, 0 %, 1 MiB
2026/09/29 14:16:39.592, 0, 0 %, 0 %, 1 MiB
2026/09/29 14:16:39.592, 1, 0 %, 0 %, 1 MiB
2026/09/29 14:16:39.792, 0, 0 %, 0 %, 1 MiB
2026/09/29 14:16:39.792, 1, 0 %, 0 %, 1 MiB
2026/09/29 14:16:39.992, 0, 0 %, 0 %, 1 MiB
2026/09/29 14:16:39.993, 1, 0 %, 0 %, 1 MiB
2026/09/29 14:16:40.193, 0, 0 %, 0 %, 1 MiB
2026/09/29 14:16:40.193, 1, 0 %, 0 %, 1 MiB
2026/09/29 14:16:40.393, 0, 0 %, 0 %, 1 MiB
2026/09/29 14:16:40.393, 1, 0 %, 0 %, 1 MiB
2026/09/29 14:16:40.593, 0, 0 %, 0 %, 1 MiB
2026/09/29 14:16:40.593, 1, 0 %, 0 %, 1 MiB
2026/09/29 14:16:40.794, 0, 0 %, 0 %, 1 MiB
2026/09/29 14:16:40.794, 1, 0 %, 0 %, 1 MiB
2026/09/29 14:16:40.994, 0, 0 %, 0 %, 1 MiB
2026/09/29 14:16:40.994, 1, 0 %, 0 %, 1 MiB
2026/09/29 14:16:41.194, 0, 0 %, 0 %, 4 MiB
2026/09/29 14:16:41.195, 1, 0 %, 0 %, 1 MiB
2026/09/29 14:16:41.395, 0, 0 %, 0 %, 19 MiB
2026/09/29 14:16:41.424, 1, 0 %, 0 %, 4 MiB
2026/09/29 14:16:41.625, 0, 0 %, 0 %, 340 MiB
2026/09/29 14:16:41.625, 1, 0 %, 0 %, 4 MiB
2026/09/29 14:16:41.825, 0, 0 %, 0 %, 340 MiB
2026/09/29 14:16:41.825, 1, 0 %, 0 %, 300 MiB
2026/09/29 14:16:42.025, 0, 0 %, 0 %, 340 MiB
2026/09/29 14:16:42.025, 1, 0 %, 0 %, 340 MiB
2026/09/29 14:16:42.226, 0, 0 %, 0 %, 340 MiB
2026/09/29 14:16:42.226, 1, 0 %, 0 %, 340 MiB
2026/09/29 14:16:42.426, 0, 0 %, 0 %, 340 MiB
2026/09/29 14:16:42.426, 1, 0 %, 0 %, 340 MiB
2026/09/29 14:16:42.626, 0, 0 %, 0 %, 1 MiB
2026/09/29 14:16:42.626, 1, 0 %, 0 %, 1 MiB
2026/09/29 14:16:42.827, 0, 0 %, 0 %, 1 MiB
2026/09/29 14:16:42.827, 1, 0 %, 0 %, 1 MiB
2026/09/29 14:16:43.027, 0, 0 %, 0 %, 1 MiB
2026/09/29 14:16:43.027, 1, 0 %, 0 %, 1 MiB
2026/09/29 14:16:43.227, 0, 0 %, 0 %, 1 MiB
2026/09/29 14:16:43.227, 1, 0 %, 0 %, 1 MiB
2026/09/29 14:16:43.428, 0, 0 %, 0 %, 1 MiB
2026/09/29 14:16:43.428, 1, 0 %, 0 %, 1 MiB
2026/09/29 14:16:43.628, 0, 0 %, 0 %, 1 MiB
2026/09/29 14:16:43.628, 1, 0 %, 0 %, 1 MiB
2026/09/29 14:16:43.828, 0, 0 %, 0 %, 1 MiB
2026/09/29 14:16:43.828, 1, 0 %, 0 %, 1 MiB
2026/09/29 14:16:44.028, 0, 0 %, 0 %, 1 MiB
2026/09/29 14:16:44.029, 1, 0 %, 0 %, 1 MiB
2026/09/29 14:16:44.229, 0, 0 %, 0 %, 2 MiB
2026/09/29 14:16:44.230, 1, 0 %, 0 %, 1 MiB
2026/09/29 14:16:44.430, 0, 0 %, 0 %, 24 MiB
2026/09/29 14:16:44.431, 1, 0 %, 0 %, 4 MiB
2026/09/29 14:16:44.631, 0, 0 %, 0 %, 288 MiB
2026/09/29 14:16:44.631, 1, 0 %, 0 %, 266 MiB
2026/09/29 14:16:44.831, 0, 0 %, 0 %, 288 MiB
2026/09/29 14:16:44.831, 1, 0 %, 0 %, 288 MiB
2026/09/29 14:16:45.031, 0, 0 %, 0 %, 288 MiB
2026/09/29 14:16:45.032, 1, 0 %, 0 %, 288 MiB
2026/09/29 14:16:45.232, 0, 0 %, 0 %, 288 MiB
2026/09/29 14:16:45.232, 1, 0 %, 0 %, 288 MiB
2026/09/29 14:16:45.432, 0, 0 %, 0 %, 1 MiB
2026/09/29 14:16:45.432, 1, 0 %, 0 %, 1 MiB
2026/09/29 14:16:45.632, 0, 0 %, 0 %, 1 MiB
2026/09/29 14:16:45.632, 1, 7 %, 0 %, 1 MiB
2026/09/29 14:16:45.833, 0, 0 %, 0 %, 4 MiB
2026/09/29 14:16:45.833, 1, 7 %, 0 %, 1 MiB
2026/09/29 14:16:46.033, 0, 0 %, 0 %, 4 MiB
2026/09/29 14:16:46.034, 1, 7 %, 0 %, 1 MiB
2026/09/29 14:16:46.234, 0, 0 %, 0 %, 4 MiB
2026/09/29 14:16:46.234, 1, 7 %, 0 %, 1 MiB
2026/09/29 14:16:46.434, 0, 0 %, 0 %, 4 MiB
2026/09/29 14:16:46.434, 1, 7 %, 0 %, 1 MiB
2026/09/29 14:16:46.634, 0, 0 %, 0 %, 4 MiB
2026/09/29 14:16:46.635, 1, 0 %, 0 %, 1 MiB
2026/09/29 14:16:46.835, 0, 0 %, 0 %, 4 MiB
2026/09/29 14:16:46.835, 1, 0 %, 0 %, 1 MiB
2026/09/29 14:16:47.035, 0, 0 %, 0 %, 4 MiB
2026/09/29 14:16:47.035, 1, 0 %, 0 %, 1 MiB
2026/09/29 14:16:47.235, 0, 0 %, 0 %, 4 MiB
2026/09/29 14:16:47.235, 1, 0 %, 0 %, 1 MiB
2026/09/29 14:16:47.436, 0, 0 %, 0 %, 4 MiB
2026/09/29 14:16:47.436, 1, 0 %, 0 %, 1 MiB
2026/09/29 14:16:47.636, 0, 0 %, 0 %, 4 MiB
2026/09/29 14:16:47.636, 1, 0 %, 0 %, 1 MiB
2026/09/29 14:16:47.836, 0, 0 %, 0 %, 4 MiB
2026/09/29 14:16:47.836, 1, 0 %, 0 %, 1 MiB
2026/09/29 14:16:48.036, 0, 0 %, 0 %, 4 MiB
2026/09/29 14:16:48.037, 1, 0 %, 0 %, 1 MiB
2026/09/29 14:16:48.237, 0, 0 %, 0 %, 4 MiB
2026/09/29 14:16:48.237, 1, 0 %, 0 %, 1 MiB
2026/09/29 14:16:48.437, 0, 0 %, 0 %, 4 MiB
2026/09/29 14:16:48.437, 1, 0 %, 0 %, 1 MiB
2026/09/29 14:16:48.637, 0, 0 %, 0 %, 4 MiB
2026/09/29 14:16:48.638, 1, 0 %, 0 %, 1 MiB
2026/09/29 14:16:48.838, 0, 0 %, 0 %, 4 MiB
2026/09/29 14:16:48.838, 1, 0 %, 0 %, 1 MiB
2026/09/29 14:16:49.040, 0, 0 %, 0 %, 4 MiB
2026/09/29 14:16:49.040, 1, 0 %, 0 %, 1 MiB
2026/09/29 14:16:49.240, 0, 0 %, 0 %, 4 MiB
2026/09/29 14:16:49.240, 1, 0 %, 0 %, 1 MiB
2026/09/29 14:16:49.440, 0, 0 %, 0 %, 4 MiB
2026/09/29 14:16:49.441, 1, 0 %, 0 %, 1 MiB
2026/09/29 14:16:49.641, 0, 0 %, 0 %, 4 MiB
2026/09/29 14:16:49.641, 1, 0 %, 0 %, 1 MiB
2026/09/29 14:16:49.841, 0, 0 %, 0 %, 4 MiB
2026/09/29 14:16:49.841, 1, 0 %, 0 %, 1 MiB
2026/09/29 14:16:50.041, 0, 0 %, 0 %, 4 MiB
2026/09/29 14:16:50.041, 1, 0 %, 0 %, 1 MiB
2026/09/29 14:16:50.242, 0, 0 %, 0 %, 4 MiB
2026/09/29 14:16:50.242, 1, 0 %, 0 %, 1 MiB
2026/09/29 14:16:50.442, 0, 0 %, 0 %, 4 MiB
2026/09/29 14:16:50.442, 1, 0 %, 0 %, 1 MiB
2026/09/29 14:16:50.642, 0, 0 %, 0 %, 22 MiB
2026/09/29 14:16:50.642, 1, 0 %, 0 %, 1 MiB
2026/09/29 14:16:50.843, 0, 0 %, 0 %, 358 MiB
2026/09/29 14:16:50.843, 1, 0 %, 0 %, 1 MiB
2026/09/29 14:16:51.043, 0, 0 %, 0 %, 492 MiB
2026/09/29 14:16:51.043, 1, 0 %, 0 %, 1 MiB
2026/09/29 14:16:51.243, 0, 0 %, 0 %, 2924 MiB
2026/09/29 14:16:51.243, 1, 0 %, 0 %, 1 MiB
2026/09/29 14:16:51.444, 0, 32 %, 17 %, 3852 MiB
2026/09/29 14:16:51.444, 1, 0 %, 0 %, 1 MiB
2026/09/29 14:16:51.644, 0, 32 %, 17 %, 3854 MiB
2026/09/29 14:16:51.644, 1, 0 %, 0 %, 1 MiB
2026/09/29 14:16:51.845, 0, 32 %, 17 %, 3854 MiB
2026/09/29 14:16:51.845, 1, 0 %, 0 %, 1 MiB
2026/09/29 14:16:52.045, 0, 32 %, 17 %, 3854 MiB
2026/09/29 14:16:52.045, 1, 0 %, 0 %, 1 MiB
2026/09/29 14:16:52.245, 0, 32 %, 17 %, 3854 MiB
2026/09/29 14:16:52.245, 1, 0 %, 0 %, 1 MiB
2026/09/29 14:16:52.445, 0, 77 %, 36 %, 3854 MiB
2026/09/29 14:16:52.446, 1, 0 %, 0 %, 1 MiB
2026/09/29 14:16:52.646, 0, 77 %, 36 %, 3854 MiB
2026/09/29 14:16:52.646, 1, 0 %, 0 %, 1 MiB
2026/09/29 14:16:52.846, 0, 77 %, 36 %, 3854 MiB
2026/09/29 14:16:52.846, 1, 0 %, 0 %, 1 MiB
2026/09/29 14:16:53.046, 0, 77 %, 36 %, 3854 MiB
2026/09/29 14:16:53.046, 1, 0 %, 0 %, 1 MiB
2026/09/29 14:16:53.247, 0, 77 %, 36 %, 3854 MiB
2026/09/29 14:16:53.247, 1, 0 %, 0 %, 1 MiB
2026/09/29 14:16:53.447, 0, 0 %, 0 %, 3854 MiB
2026/09/29 14:16:53.447, 1, 0 %, 0 %, 1 MiB
2026/09/29 14:16:53.647, 0, 0 %, 0 %, 3854 MiB
2026/09/29 14:16:53.647, 1, 0 %, 0 %, 1 MiB
2026/09/29 14:16:53.848, 0, 0 %, 0 %, 3854 MiB
2026/09/29 14:16:53.848, 1, 0 %, 0 %, 1 MiB
2026/09/29 14:16:54.048, 0, 0 %, 0 %, 3854 MiB
2026/09/29 14:16:54.048, 1, 0 %, 0 %, 1 MiB
2026/09/29 14:16:54.248, 0, 0 %, 0 %, 3854 MiB
2026/09/29 14:16:54.248, 1, 0 %, 0 %, 1 MiB
2026/09/29 14:16:54.449, 0, 100 %, 52 %, 3854 MiB
2026/09/29 14:16:54.449, 1, 0 %, 0 %, 1 MiB
2026/09/29 14:16:54.649, 0, 100 %, 52 %, 3854 MiB
2026/09/29 14:16:54.649, 1, 0 %, 0 %, 1 MiB
2026/09/29 14:16:54.849, 0, 100 %, 52 %, 3854 MiB
2026/09/29 14:16:54.849, 1, 0 %, 0 %, 1 MiB
2026/09/29 14:16:55.049, 0, 100 %, 52 %, 3854 MiB
2026/09/29 14:16:55.050, 1, 0 %, 0 %, 1 MiB
2026/09/29 14:16:55.250, 0, 100 %, 52 %, 3854 MiB
2026/09/29 14:16:55.250, 1, 0 %, 0 %, 1 MiB
2026/09/29 14:16:55.450, 0, 0 %, 0 %, 3854 MiB
2026/09/29 14:16:55.450, 1, 0 %, 0 %, 1 MiB
2026/09/29 14:16:55.650, 0, 0 %, 0 %, 3854 MiB
2026/09/29 14:16:55.651, 1, 0 %, 0 %, 1 MiB
2026/09/29 14:16:55.851, 0, 0 %, 0 %, 3854 MiB
2026/09/29 14:16:55.851, 1, 0 %, 0 %, 1 MiB
2026/09/29 14:16:56.051, 0, 0 %, 0 %, 3854 MiB
2026/09/29 14:16:56.051, 1, 0 %, 0 %, 1 MiB
2026/09/29 14:16:56.251, 0, 0 %, 0 %, 3854 MiB
2026/09/29 14:16:56.251, 1, 0 %, 0 %, 1 MiB
2026/09/29 14:16:56.452, 0, 59 %, 33 %, 3854 MiB
2026/09/29 14:16:56.452, 1, 0 %, 0 %, 1 MiB
2026/09/29 14:16:56.652, 0, 59 %, 33 %, 3854 MiB
2026/09/29 14:16:56.652, 1, 0 %, 0 %, 1 MiB
2026/09/29 14:16:56.852, 0, 59 %, 33 %, 3854 MiB
2026/09/29 14:16:56.852, 1, 0 %, 0 %, 1 MiB
2026/09/29 14:16:57.053, 0, 59 %, 33 %, 3854 MiB
2026/09/29 14:16:57.053, 1, 0 %, 0 %, 1 MiB
2026/09/29 14:16:57.253, 0, 59 %, 33 %, 3854 MiB
2026/09/29 14:16:57.253, 1, 0 %, 0 %, 1 MiB
2026/09/29 14:16:57.453, 0, 30 %, 17 %, 3854 MiB
2026/09/29 14:16:57.453, 1, 0 %, 0 %, 1 MiB
2026/09/29 14:16:57.654, 0, 30 %, 17 %, 3854 MiB
2026/09/29 14:16:57.654, 1, 0 %, 0 %, 1 MiB
2026/09/29 14:16:57.854, 0, 30 %, 17 %, 3854 MiB
2026/09/29 14:16:57.854, 1, 0 %, 0 %, 1 MiB
2026/09/29 14:16:58.054, 0, 30 %, 17 %, 3854 MiB
2026/09/29 14:16:58.054, 1, 0 %, 0 %, 1 MiB
2026/09/29 14:16:58.254, 0, 30 %, 17 %, 3854 MiB
2026/09/29 14:16:58.255, 1, 0 %, 0 %, 1 MiB
2026/09/29 14:16:58.455, 0, 19 %, 13 %, 3854 MiB
2026/09/29 14:16:58.455, 1, 0 %, 0 %, 1 MiB
2026/09/29 14:16:58.655, 0, 19 %, 13 %, 3854 MiB
2026/09/29 14:16:58.655, 1, 0 %, 0 %, 1 MiB
2026/09/29 14:16:58.855, 0, 19 %, 13 %, 3854 MiB
2026/09/29 14:16:58.855, 1, 0 %, 0 %, 1 MiB
2026/09/29 14:16:59.056, 0, 19 %, 13 %, 3854 MiB
2026/09/29 14:16:59.056, 1, 0 %, 0 %, 1 MiB
2026/09/29 14:16:59.256, 0, 19 %, 13 %, 3854 MiB
2026/09/29 14:16:59.256, 1, 0 %, 0 %, 1 MiB
2026/09/29 14:16:59.456, 0, 71 %, 30 %, 3854 MiB
2026/09/29 14:16:59.456, 1, 0 %, 0 %, 1 MiB
2026/09/29 14:16:59.657, 0, 71 %, 30 %, 3854 MiB
2026/09/29 14:16:59.657, 1, 0 %, 0 %, 1 MiB
2026/09/29 14:16:59.857, 0, 71 %, 30 %, 3854 MiB
2026/09/29 14:16:59.857, 1, 0 %, 0 %, 1 MiB
2026/09/29 14:17:00.057, 0, 71 %, 30 %, 3854 MiB
2026/09/29 14:17:00.057, 1, 0 %, 0 %, 1 MiB
2026/09/29 14:17:00.258, 0, 71 %, 30 %, 3854 MiB
2026/09/29 14:17:00.258, 1, 0 %, 0 %, 1 MiB
2026/09/29 14:17:00.458, 0, 0 %, 0 %, 3854 MiB
2026/09/29 14:17:00.458, 1, 0 %, 0 %, 1 MiB
2026/09/29 14:17:00.658, 0, 0 %, 0 %, 3854 MiB
2026/09/29 14:17:00.658, 1, 0 %, 0 %, 1 MiB
2026/09/29 14:17:00.859, 0, 0 %, 0 %, 3854 MiB
2026/09/29 14:17:00.859, 1, 0 %, 0 %, 1 MiB
2026/09/29 14:17:01.059, 0, 0 %, 0 %, 3854 MiB
2026/09/29 14:17:01.059, 1, 0 %, 0 %, 1 MiB
2026/09/29 14:17:01.259, 0, 0 %, 0 %, 3854 MiB
2026/09/29 14:17:01.259, 1, 0 %, 0 %, 1 MiB
2026/09/29 14:17:01.460, 0, 100 %, 47 %, 3854 MiB
2026/09/29 14:17:01.460, 1, 0 %, 0 %, 1 MiB
2026/09/29 14:17:01.660, 0, 100 %, 47 %, 3854 MiB
2026/09/29 14:17:01.660, 1, 0 %, 0 %, 1 MiB
2026/09/29 14:17:01.860, 0, 100 %, 47 %, 3854 MiB
2026/09/29 14:17:01.860, 1, 0 %, 0 %, 1 MiB
2026/09/29 14:17:02.060, 0, 100 %, 47 %, 3854 MiB
2026/09/29 14:17:02.061, 1, 0 %, 0 %, 1 MiB
2026/09/29 14:17:02.261, 0, 100 %, 47 %, 3854 MiB
2026/09/29 14:17:02.261, 1, 0 %, 0 %, 1 MiB
2026/09/29 14:17:02.461, 0, 0 %, 0 %, 3854 MiB
2026/09/29 14:17:02.461, 1, 0 %, 0 %, 1 MiB
2026/09/29 14:17:02.661, 0, 0 %, 0 %, 3854 MiB
2026/09/29 14:17:02.662, 1, 0 %, 0 %, 1 MiB
2026/09/29 14:17:02.862, 0, 0 %, 0 %, 3854 MiB
2026/09/29 14:17:02.862, 1, 0 %, 0 %, 1 MiB
2026/09/29 14:17:03.062, 0, 0 %, 0 %, 3854 MiB
2026/09/29 14:17:03.062, 1, 0 %, 0 %, 1 MiB
2026/09/29 14:17:03.262, 0, 0 %, 0 %, 3854 MiB
2026/09/29 14:17:03.263, 1, 0 %, 0 %, 1 MiB
2026/09/29 14:17:03.463, 0, 60 %, 34 %, 3854 MiB
2026/09/29 14:17:03.463, 1, 0 %, 0 %, 1 MiB
2026/09/29 14:17:03.663, 0, 60 %, 34 %, 3854 MiB
2026/09/29 14:17:03.663, 1, 0 %, 0 %, 1 MiB
2026/09/29 14:17:03.863, 0, 60 %, 34 %, 3854 MiB
2026/09/29 14:17:03.863, 1, 0 %, 0 %, 1 MiB
2026/09/29 14:17:04.064, 0, 60 %, 34 %, 3854 MiB
2026/09/29 14:17:04.064, 1, 0 %, 0 %, 1 MiB
2026/09/29 14:17:04.264, 0, 60 %, 34 %, 3854 MiB
2026/09/29 14:17:04.264, 1, 0 %, 0 %, 1 MiB
2026/09/29 14:17:04.464, 0, 31 %, 18 %, 3854 MiB
2026/09/29 14:17:04.465, 1, 0 %, 0 %, 1 MiB
2026/09/29 14:17:04.665, 0, 31 %, 18 %, 3854 MiB
2026/09/29 14:17:04.665, 1, 0 %, 0 %, 1 MiB
2026/09/29 14:17:04.865, 0, 31 %, 18 %, 3854 MiB
2026/09/29 14:17:04.865, 1, 0 %, 0 %, 1 MiB
2026/09/29 14:17:05.065, 0, 31 %, 18 %, 3854 MiB
2026/09/29 14:17:05.065, 1, 0 %, 0 %, 1 MiB
2026/09/29 14:17:05.266, 0, 31 %, 18 %, 3854 MiB
2026/09/29 14:17:05.266, 1, 0 %, 0 %, 1 MiB
2026/09/29 14:17:05.466, 0, 20 %, 13 %, 3854 MiB
2026/09/29 14:17:05.466, 1, 0 %, 0 %, 1 MiB
2026/09/29 14:17:05.667, 0, 20 %, 13 %, 3854 MiB
2026/09/29 14:17:05.668, 1, 0 %, 0 %, 1 MiB
2026/09/29 14:17:05.868, 0, 20 %, 13 %, 3854 MiB
2026/09/29 14:17:05.868, 1, 0 %, 0 %, 1 MiB
2026/09/29 14:17:06.068, 0, 20 %, 13 %, 3854 MiB
2026/09/29 14:17:06.068, 1, 0 %, 0 %, 1 MiB
2026/09/29 14:17:06.268, 0, 20 %, 13 %, 3854 MiB
2026/09/29 14:17:06.269, 1, 0 %, 0 %, 1 MiB
2026/09/29 14:17:06.469, 0, 70 %, 30 %, 3854 MiB
2026/09/29 14:17:06.469, 1, 0 %, 0 %, 1 MiB
2026/09/29 14:17:06.669, 0, 70 %, 30 %, 3854 MiB
2026/09/29 14:17:06.669, 1, 0 %, 0 %, 1 MiB
2026/09/29 14:17:06.869, 0, 70 %, 30 %, 3854 MiB
2026/09/29 14:17:06.870, 1, 0 %, 0 %, 1 MiB
2026/09/29 14:17:07.070, 0, 70 %, 30 %, 3854 MiB
2026/09/29 14:17:07.070, 1, 0 %, 0 %, 1 MiB
2026/09/29 14:17:07.270, 0, 70 %, 30 %, 3854 MiB
2026/09/29 14:17:07.270, 1, 0 %, 0 %, 1 MiB
2026/09/29 14:17:07.471, 0, 0 %, 0 %, 3854 MiB
2026/09/29 14:17:07.471, 1, 0 %, 0 %, 1 MiB
2026/09/29 14:17:07.671, 0, 0 %, 0 %, 3854 MiB
2026/09/29 14:17:07.671, 1, 0 %, 0 %, 1 MiB
2026/09/29 14:17:07.871, 0, 0 %, 0 %, 3854 MiB
2026/09/29 14:17:07.871, 1, 0 %, 0 %, 1 MiB
2026/09/29 14:17:08.072, 0, 0 %, 0 %, 3854 MiB
2026/09/29 14:17:08.072, 1, 0 %, 0 %, 1 MiB
2026/09/29 14:17:08.272, 0, 0 %, 0 %, 3854 MiB
2026/09/29 14:17:08.272, 1, 0 %, 0 %, 1 MiB
2026/09/29 14:17:08.472, 0, 100 %, 50 %, 3854 MiB
2026/09/29 14:17:08.472, 1, 0 %, 0 %, 1 MiB
2026/09/29 14:17:08.673, 0, 100 %, 50 %, 3854 MiB
2026/09/29 14:17:08.673, 1, 0 %, 0 %, 1 MiB
2026/09/29 14:17:08.873, 0, 100 %, 50 %, 3854 MiB
2026/09/29 14:17:08.873, 1, 0 %, 0 %, 1 MiB
2026/09/29 14:17:09.073, 0, 100 %, 50 %, 3854 MiB
2026/09/29 14:17:09.073, 1, 0 %, 0 %, 1 MiB
2026/09/29 14:17:09.273, 0, 100 %, 50 %, 3854 MiB
2026/09/29 14:17:09.274, 1, 0 %, 0 %, 1 MiB
2026/09/29 14:17:09.474, 0, 0 %, 0 %, 3854 MiB
2026/09/29 14:17:09.474, 1, 0 %, 0 %, 1 MiB
2026/09/29 14:17:09.674, 0, 0 %, 0 %, 3854 MiB
2026/09/29 14:17:09.674, 1, 0 %, 0 %, 1 MiB
2026/09/29 14:17:09.874, 0, 0 %, 0 %, 3854 MiB
2026/09/29 14:17:09.874, 1, 0 %, 0 %, 1 MiB
2026/09/29 14:17:10.075, 0, 0 %, 0 %, 3854 MiB
2026/09/29 14:17:10.075, 1, 0 %, 0 %, 1 MiB
2026/09/29 14:17:10.275, 0, 0 %, 0 %, 3854 MiB
2026/09/29 14:17:10.275, 1, 0 %, 0 %, 1 MiB
2026/09/29 14:17:10.475, 0, 60 %, 34 %, 3854 MiB
2026/09/29 14:17:10.475, 1, 0 %, 0 %, 1 MiB
2026/09/29 14:17:10.675, 0, 60 %, 34 %, 3854 MiB
2026/09/29 14:17:10.676, 1, 0 %, 0 %, 1 MiB
2026/09/29 14:17:10.876, 0, 60 %, 34 %, 3854 MiB
2026/09/29 14:17:10.876, 1, 0 %, 0 %, 1 MiB
2026/09/29 14:17:11.076, 0, 60 %, 34 %, 3854 MiB
2026/09/29 14:17:11.076, 1, 0 %, 0 %, 1 MiB
2026/09/29 14:17:11.276, 0, 60 %, 34 %, 3854 MiB
2026/09/29 14:17:11.277, 1, 0 %, 0 %, 1 MiB
2026/09/29 14:17:11.477, 0, 27 %, 17 %, 3854 MiB
2026/09/29 14:17:11.477, 1, 0 %, 0 %, 1 MiB
2026/09/29 14:17:11.677, 0, 27 %, 17 %, 3854 MiB
2026/09/29 14:17:11.677, 1, 0 %, 0 %, 1 MiB
2026/09/29 14:17:11.877, 0, 27 %, 17 %, 3854 MiB
2026/09/29 14:17:11.877, 1, 0 %, 0 %, 1 MiB
2026/09/29 14:17:12.078, 0, 27 %, 17 %, 3854 MiB
2026/09/29 14:17:12.078, 1, 0 %, 0 %, 1 MiB
2026/09/29 14:17:12.278, 0, 27 %, 17 %, 3854 MiB
2026/09/29 14:17:12.278, 1, 0 %, 0 %, 1 MiB
2026/09/29 14:17:12.478, 0, 20 %, 13 %, 3854 MiB
2026/09/29 14:17:12.478, 1, 0 %, 0 %, 1 MiB
2026/09/29 14:17:12.679, 0, 20 %, 13 %, 3854 MiB
2026/09/29 14:17:12.679, 1, 0 %, 0 %, 1 MiB
2026/09/29 14:17:12.879, 0, 20 %, 13 %, 3854 MiB
2026/09/29 14:17:12.879, 1, 0 %, 0 %, 1 MiB
2026/09/29 14:17:13.079, 0, 20 %, 13 %, 3854 MiB
2026/09/29 14:17:13.079, 1, 0 %, 0 %, 1 MiB
2026/09/29 14:17:13.280, 0, 20 %, 13 %, 3854 MiB
2026/09/29 14:17:13.280, 1, 0 %, 0 %, 1 MiB
2026/09/29 14:17:13.480, 0, 73 %, 34 %, 3854 MiB
2026/09/29 14:17:13.480, 1, 0 %, 0 %, 1 MiB
2026/09/29 14:17:13.680, 0, 73 %, 34 %, 3854 MiB
2026/09/29 14:17:13.680, 1, 0 %, 0 %, 1 MiB
2026/09/29 14:17:13.880, 0, 73 %, 34 %, 3854 MiB
2026/09/29 14:17:13.881, 1, 0 %, 0 %, 1 MiB
2026/09/29 14:17:14.081, 0, 73 %, 34 %, 3854 MiB
2026/09/29 14:17:14.081, 1, 0 %, 0 %, 1 MiB
2026/09/29 14:17:14.281, 0, 0 %, 0 %, 3854 MiB
2026/09/29 14:17:14.281, 1, 0 %, 0 %, 1 MiB
2026/09/29 14:17:14.481, 0, 0 %, 0 %, 3854 MiB
2026/09/29 14:17:14.481, 1, 0 %, 0 %, 1 MiB
2026/09/29 14:17:14.682, 0, 0 %, 0 %, 3854 MiB
2026/09/29 14:17:14.682, 1, 0 %, 0 %, 1 MiB
2026/09/29 14:17:14.882, 0, 0 %, 0 %, 3854 MiB
2026/09/29 14:17:14.882, 1, 0 %, 0 %, 1 MiB
2026/09/29 14:17:15.082, 0, 0 %, 0 %, 3854 MiB
2026/09/29 14:17:15.082, 1, 0 %, 0 %, 1 MiB
2026/09/29 14:17:15.283, 0, 99 %, 48 %, 3854 MiB
2026/09/29 14:17:15.283, 1, 0 %, 0 %, 1 MiB
2026/09/29 14:17:15.483, 0, 99 %, 48 %, 3854 MiB
2026/09/29 14:17:15.483, 1, 0 %, 0 %, 1 MiB
2026/09/29 14:17:15.683, 0, 99 %, 48 %, 3854 MiB
2026/09/29 14:17:15.683, 1, 0 %, 0 %, 1 MiB
2026/09/29 14:17:15.883, 0, 99 %, 48 %, 3854 MiB
2026/09/29 14:17:15.883, 1, 0 %, 0 %, 1 MiB
2026/09/29 14:17:16.084, 0, 99 %, 48 %, 3854 MiB
2026/09/29 14:17:16.084, 1, 0 %, 0 %, 1 MiB
2026/09/29 14:17:16.284, 0, 0 %, 0 %, 3854 MiB
2026/09/29 14:17:16.284, 1, 0 %, 0 %, 1 MiB
2026/09/29 14:17:16.484, 0, 0 %, 0 %, 3854 MiB
2026/09/29 14:17:16.484, 1, 0 %, 0 %, 1 MiB
2026/09/29 14:17:16.685, 0, 0 %, 0 %, 3854 MiB
2026/09/29 14:17:16.685, 1, 0 %, 0 %, 1 MiB
2026/09/29 14:17:16.885, 0, 0 %, 0 %, 3854 MiB
2026/09/29 14:17:16.885, 1, 0 %, 0 %, 1 MiB
2026/09/29 14:17:17.085, 0, 0 %, 0 %, 3854 MiB
2026/09/29 14:17:17.085, 1, 0 %, 0 %, 1 MiB
2026/09/29 14:17:17.286, 0, 59 %, 34 %, 3854 MiB
2026/09/29 14:17:17.286, 1, 0 %, 0 %, 1 MiB
2026/09/29 14:17:17.486, 0, 59 %, 34 %, 3854 MiB
2026/09/29 14:17:17.486, 1, 0 %, 0 %, 1 MiB
2026/09/29 14:17:17.686, 0, 59 %, 34 %, 3854 MiB
2026/09/29 14:17:17.686, 1, 0 %, 0 %, 1 MiB
2026/09/29 14:17:17.886, 0, 59 %, 34 %, 3854 MiB
2026/09/29 14:17:17.887, 1, 0 %, 0 %, 1 MiB
2026/09/29 14:17:18.087, 0, 59 %, 34 %, 3854 MiB
2026/09/29 14:17:18.087, 1, 0 %, 0 %, 1 MiB
2026/09/29 14:17:18.287, 0, 31 %, 18 %, 3854 MiB
2026/09/29 14:17:18.287, 1, 0 %, 0 %, 1 MiB
2026/09/29 14:17:18.487, 0, 31 %, 18 %, 3854 MiB
2026/09/29 14:17:18.488, 1, 0 %, 0 %, 1 MiB
2026/09/29 14:17:18.688, 0, 31 %, 18 %, 3894 MiB
2026/09/29 14:17:18.688, 1, 0 %, 0 %, 1 MiB
2026/09/29 14:17:18.888, 0, 31 %, 18 %, 3894 MiB
2026/09/29 14:17:18.888, 1, 0 %, 0 %, 1 MiB
2026/09/29 14:17:19.088, 0, 31 %, 18 %, 3894 MiB
2026/09/29 14:17:19.088, 1, 0 %, 0 %, 1 MiB
2026/09/29 14:17:19.289, 0, 31 %, 16 %, 3894 MiB
2026/09/29 14:17:19.289, 1, 0 %, 0 %, 1 MiB
2026/09/29 14:17:19.489, 0, 31 %, 16 %, 3894 MiB
2026/09/29 14:17:19.489, 1, 0 %, 0 %, 1 MiB
2026/09/29 14:17:19.689, 0, 31 %, 16 %, 3894 MiB
2026/09/29 14:17:19.689, 1, 0 %, 0 %, 1 MiB
2026/09/29 14:17:19.890, 0, 31 %, 16 %, 3894 MiB
2026/09/29 14:17:19.890, 1, 0 %, 0 %, 1 MiB
2026/09/29 14:17:20.090, 0, 31 %, 16 %, 3894 MiB
2026/09/29 14:17:20.090, 1, 0 %, 0 %, 1 MiB
2026/09/29 14:17:20.290, 0, 16 %, 5 %, 3894 MiB
2026/09/29 14:17:20.290, 1, 0 %, 0 %, 1 MiB
2026/09/29 14:17:20.490, 0, 16 %, 5 %, 3894 MiB
2026/09/29 14:17:20.491, 1, 0 %, 0 %, 1 MiB
2026/09/29 14:17:20.691, 0, 16 %, 5 %, 3894 MiB
2026/09/29 14:17:20.691, 1, 0 %, 0 %, 1 MiB
2026/09/29 14:17:20.891, 0, 16 %, 5 %, 3894 MiB
2026/09/29 14:17:20.891, 1, 0 %, 0 %, 1 MiB
2026/09/29 14:17:21.091, 0, 16 %, 5 %, 3894 MiB
2026/09/29 14:17:21.092, 1, 0 %, 0 %, 1 MiB
2026/09/29 14:17:21.292, 0, 0 %, 0 %, 3894 MiB
2026/09/29 14:17:21.292, 1, 0 %, 0 %, 1 MiB
2026/09/29 14:17:21.492, 0, 0 %, 0 %, 3894 MiB
2026/09/29 14:17:21.492, 1, 0 %, 0 %, 1 MiB
2026/09/29 14:17:21.692, 0, 0 %, 0 %, 3894 MiB
2026/09/29 14:17:21.692, 1, 0 %, 0 %, 1 MiB
2026/09/29 14:17:21.893, 0, 0 %, 0 %, 3894 MiB
2026/09/29 14:17:21.893, 1, 0 %, 0 %, 1 MiB
2026/09/29 14:17:22.093, 0, 0 %, 0 %, 3894 MiB
2026/09/29 14:17:22.093, 1, 0 %, 0 %, 1 MiB
2026/09/29 14:17:22.293, 0, 0 %, 0 %, 4 MiB
2026/09/29 14:17:22.337, 1, 0 %, 0 %, 1 MiB
2026/09/29 14:17:22.537, 0, 0 %, 0 %, 4 MiB
2026/09/29 14:17:22.538, 1, 0 %, 0 %, 1 MiB
2026/09/29 14:17:22.738, 0, 0 %, 0 %, 4 MiB
2026/09/29 14:17:22.738, 1, 0 %, 0 %, 1 MiB
2026/09/29 14:17:22.938, 0, 0 %, 0 %, 4 MiB
2026/09/29 14:17:22.938, 1, 0 %, 0 %, 1 MiB
2026/09/29 14:17:23.138, 0, 0 %, 0 %, 4 MiB
2026/09/29 14:17:23.138, 1, 0 %, 0 %, 1 MiB
2026/09/29 14:17:23.339, 0, 0 %, 0 %, 4 MiB
2026/09/29 14:17:23.339, 1, 0 %, 0 %, 1 MiB
2026/09/29 14:17:23.539, 0, 0 %, 0 %, 4 MiB
2026/09/29 14:17:23.539, 1, 0 %, 0 %, 1 MiB
2026/09/29 14:17:23.739, 0, 0 %, 0 %, 4 MiB
2026/09/29 14:17:23.739, 1, 0 %, 0 %, 1 MiB
2026/09/29 14:17:23.940, 0, 0 %, 0 %, 4 MiB
2026/09/29 14:17:23.940, 1, 0 %, 0 %, 1 MiB
2026/09/29 14:17:24.140, 0, 0 %, 0 %, 4 MiB
2026/09/29 14:17:24.140, 1, 0 %, 0 %, 1 MiB
2026/09/29 14:17:24.340, 0, 0 %, 0 %, 4 MiB
2026/09/29 14:17:24.340, 1, 0 %, 0 %, 1 MiB
2026/09/29 14:17:24.540, 0, 0 %, 0 %, 4 MiB
2026/09/29 14:17:24.541, 1, 0 %, 0 %, 1 MiB
2026/09/29 14:17:24.741, 0, 0 %, 0 %, 4 MiB
2026/09/29 14:17:24.741, 1, 0 %, 0 %, 1 MiB
2026/09/29 14:17:24.941, 0, 0 %, 0 %, 4 MiB
2026/09/29 14:17:24.941, 1, 0 %, 0 %, 1 MiB
2026/09/29 14:17:25.141, 0, 0 %, 0 %, 4 MiB
2026/09/29 14:17:25.141, 1, 0 %, 0 %, 1 MiB
2026/09/29 14:17:25.342, 0, 0 %, 0 %, 4 MiB
2026/09/29 14:17:25.342, 1, 0 %, 0 %, 1 MiB
2026/09/29 14:17:25.542, 0, 0 %, 0 %, 4 MiB
2026/09/29 14:17:25.542, 1, 0 %, 0 %, 1 MiB
2026/09/29 14:17:25.742, 0, 0 %, 0 %, 4 MiB
2026/09/29 14:17:25.742, 1, 0 %, 0 %, 1 MiB
2026/09/29 14:17:25.943, 0, 0 %, 0 %, 4 MiB
2026/09/29 14:17:25.943, 1, 0 %, 0 %, 1 MiB
2026/09/29 14:17:26.143, 0, 0 %, 0 %, 4 MiB
2026/09/29 14:17:26.143, 1, 0 %, 0 %, 1 MiB
2026/09/29 14:17:26.343, 0, 0 %, 0 %, 4 MiB
2026/09/29 14:17:26.343, 1, 0 %, 0 %, 1 MiB
2026/09/29 14:17:26.544, 0, 0 %, 0 %, 4 MiB
2026/09/29 14:17:26.544, 1, 0 %, 0 %, 1 MiB
2026/09/29 14:17:26.744, 0, 0 %, 0 %, 4 MiB
2026/09/29 14:17:26.744, 1, 0 %, 0 %, 1 MiB
2026/09/29 14:17:26.944, 0, 0 %, 0 %, 4 MiB
2026/09/29 14:17:26.944, 1, 0 %, 0 %, 1 MiB
2026/09/29 14:17:27.144, 0, 0 %, 0 %, 4 MiB
2026/09/29 14:17:27.145, 1, 0 %, 0 %, 1 MiB
2026/09/29 14:17:27.345, 0, 0 %, 0 %, 4 MiB
2026/09/29 14:17:27.345, 1, 0 %, 0 %, 1 MiB
2026/09/29 14:17:27.545, 0, 0 %, 0 %, 4 MiB
2026/09/29 14:17:27.545, 1, 0 %, 0 %, 1 MiB
2026/09/29 14:17:27.745, 0, 0 %, 0 %, 1 MiB
2026/09/29 14:17:27.752, 1, 0 %, 0 %, 1 MiB
2026/09/29 14:17:27.958, 0, 0 %, 0 %, 1 MiB
2026/09/29 14:17:27.958, 1, 0 %, 0 %, 1 MiB
2026/09/29 14:17:28.158, 0, 0 %, 0 %, 4 MiB
2026/09/29 14:17:28.161, 1, 0 %, 0 %, 1 MiB
2026/09/29 14:17:28.363, 0, 0 %, 0 %, 4 MiB
2026/09/29 14:17:28.363, 1, 0 %, 0 %, 4 MiB
2026/09/29 14:17:28.563, 0, 0 %, 0 %, 4 MiB
2026/09/29 14:17:28.563, 1, 0 %, 0 %, 4 MiB
2026/09/29 14:17:28.764, 0, 0 %, 0 %, 4 MiB
2026/09/29 14:17:28.765, 1, 0 %, 0 %, 4 MiB
2026/09/29 14:17:28.965, 0, 0 %, 0 %, 4 MiB
2026/09/29 14:17:28.965, 1, 0 %, 0 %, 4 MiB
2026/09/29 14:17:29.165, 0, 0 %, 0 %, 4 MiB
2026/09/29 14:17:29.165, 1, 0 %, 0 %, 4 MiB
2026/09/29 14:17:29.366, 0, 0 %, 0 %, 4 MiB
2026/09/29 14:17:29.366, 1, 0 %, 0 %, 4 MiB
2026/09/29 14:17:29.566, 0, 0 %, 0 %, 4 MiB
2026/09/29 14:17:29.566, 1, 0 %, 0 %, 4 MiB
2026/09/29 14:17:29.766, 0, 0 %, 0 %, 4 MiB
2026/09/29 14:17:29.766, 1, 0 %, 0 %, 4 MiB
2026/09/29 14:17:29.967, 0, 0 %, 0 %, 4 MiB
2026/09/29 14:17:29.967, 1, 0 %, 0 %, 4 MiB
2026/09/29 14:17:30.167, 0, 0 %, 0 %, 4 MiB
2026/09/29 14:17:30.167, 1, 0 %, 0 %, 4 MiB
2026/09/29 14:17:30.367, 0, 0 %, 0 %, 4 MiB
2026/09/29 14:17:30.367, 1, 0 %, 0 %, 4 MiB
2026/09/29 14:17:30.567, 0, 0 %, 0 %, 4 MiB
2026/09/29 14:17:30.568, 1, 0 %, 0 %, 4 MiB
2026/09/29 14:17:30.768, 0, 0 %, 0 %, 4 MiB
2026/09/29 14:17:30.769, 1, 0 %, 0 %, 4 MiB
2026/09/29 14:17:30.969, 0, 0 %, 0 %, 4 MiB
2026/09/29 14:17:30.970, 1, 0 %, 0 %, 4 MiB
2026/09/29 14:17:31.170, 0, 0 %, 0 %, 4 MiB
2026/09/29 14:17:31.170, 1, 0 %, 0 %, 4 MiB
2026/09/29 14:17:31.370, 0, 0 %, 0 %, 4 MiB
2026/09/29 14:17:31.370, 1, 0 %, 0 %, 4 MiB
2026/09/29 14:17:31.570, 0, 0 %, 0 %, 4 MiB
2026/09/29 14:17:31.571, 1, 0 %, 0 %, 4 MiB
2026/09/29 14:17:31.771, 0, 0 %, 0 %, 4 MiB
2026/09/29 14:17:31.771, 1, 0 %, 0 %, 4 MiB
2026/09/29 14:17:31.971, 0, 0 %, 0 %, 4 MiB
2026/09/29 14:17:31.971, 1, 0 %, 0 %, 4 MiB
2026/09/29 14:17:32.171, 0, 0 %, 0 %, 4 MiB
2026/09/29 14:17:32.171, 1, 0 %, 0 %, 4 MiB
2026/09/29 14:17:32.372, 0, 0 %, 0 %, 4 MiB
2026/09/29 14:17:32.372, 1, 0 %, 0 %, 4 MiB
2026/09/29 14:17:32.572, 0, 0 %, 0 %, 4 MiB
2026/09/29 14:17:32.572, 1, 0 %, 0 %, 4 MiB
2026/09/29 14:17:32.772, 0, 0 %, 0 %, 4 MiB
2026/09/29 14:17:32.772, 1, 0 %, 0 %, 4 MiB
2026/09/29 14:17:32.973, 0, 0 %, 0 %, 19 MiB
2026/09/29 14:17:32.973, 1, 0 %, 0 %, 4 MiB
2026/09/29 14:17:33.175, 0, 0 %, 0 %, 358 MiB
2026/09/29 14:17:33.175, 1, 0 %, 0 %, 4 MiB
2026/09/29 14:17:33.375, 0, 5 %, 0 %, 358 MiB
2026/09/29 14:17:33.376, 1, 0 %, 0 %, 17 MiB
2026/09/29 14:17:33.576, 0, 5 %, 0 %, 360 MiB
2026/09/29 14:17:33.576, 1, 0 %, 0 %, 314 MiB
2026/09/29 14:17:33.776, 0, 5 %, 0 %, 400 MiB
2026/09/29 14:17:33.777, 1, 0 %, 0 %, 348 MiB
2026/09/29 14:17:33.977, 0, 5 %, 0 %, 596 MiB
2026/09/29 14:17:33.977, 1, 0 %, 0 %, 490 MiB
2026/09/29 14:17:34.177, 0, 5 %, 0 %, 600 MiB
2026/09/29 14:17:34.177, 1, 0 %, 0 %, 556 MiB
2026/09/29 14:17:34.378, 0, 0 %, 0 %, 1822 MiB
2026/09/29 14:17:34.378, 1, 0 %, 0 %, 1818 MiB
2026/09/29 14:17:34.578, 0, 0 %, 0 %, 2298 MiB
2026/09/29 14:17:34.578, 1, 3 %, 1 %, 2294 MiB
2026/09/29 14:17:34.778, 0, 0 %, 0 %, 2302 MiB
2026/09/29 14:17:34.778, 1, 3 %, 1 %, 2294 MiB
2026/09/29 14:17:34.979, 0, 0 %, 0 %, 2312 MiB
2026/09/29 14:17:34.979, 1, 3 %, 1 %, 2304 MiB
2026/09/29 14:17:35.179, 0, 0 %, 0 %, 2312 MiB
2026/09/29 14:17:35.179, 1, 3 %, 1 %, 2304 MiB
2026/09/29 14:17:35.379, 0, 18 %, 0 %, 2312 MiB
2026/09/29 14:17:35.379, 1, 3 %, 1 %, 2304 MiB
2026/09/29 14:17:35.579, 0, 18 %, 0 %, 2312 MiB
2026/09/29 14:17:35.580, 1, 23 %, 0 %, 2304 MiB
2026/09/29 14:17:35.780, 0, 18 %, 0 %, 2312 MiB
2026/09/29 14:17:35.780, 1, 23 %, 0 %, 2304 MiB
2026/09/29 14:17:35.980, 0, 18 %, 0 %, 2312 MiB
2026/09/29 14:17:35.980, 1, 23 %, 0 %, 2304 MiB
2026/09/29 14:17:36.180, 0, 18 %, 0 %, 2312 MiB
2026/09/29 14:17:36.180, 1, 23 %, 0 %, 2304 MiB
2026/09/29 14:17:36.381, 0, 34 %, 0 %, 2312 MiB
2026/09/29 14:17:36.381, 1, 23 %, 0 %, 2304 MiB
2026/09/29 14:17:36.581, 0, 34 %, 0 %, 2312 MiB
2026/09/29 14:17:36.581, 1, 4 %, 0 %, 2304 MiB
2026/09/29 14:17:36.781, 0, 34 %, 0 %, 2312 MiB
2026/09/29 14:17:36.781, 1, 4 %, 0 %, 2304 MiB
2026/09/29 14:17:36.982, 0, 34 %, 0 %, 2312 MiB
2026/09/29 14:17:36.982, 1, 4 %, 0 %, 2304 MiB
2026/09/29 14:17:37.182, 0, 34 %, 0 %, 2312 MiB
2026/09/29 14:17:37.182, 1, 4 %, 0 %, 2304 MiB
2026/09/29 14:17:37.382, 0, 50 %, 0 %, 2312 MiB
2026/09/29 14:17:37.382, 1, 4 %, 0 %, 2304 MiB
2026/09/29 14:17:37.583, 0, 50 %, 0 %, 2312 MiB
2026/09/29 14:17:37.583, 1, 0 %, 0 %, 2304 MiB
2026/09/29 14:17:37.783, 0, 50 %, 0 %, 2312 MiB
2026/09/29 14:17:37.783, 1, 0 %, 0 %, 2304 MiB
2026/09/29 14:17:37.983, 0, 50 %, 0 %, 2312 MiB
2026/09/29 14:17:37.983, 1, 0 %, 0 %, 2304 MiB
2026/09/29 14:17:38.184, 0, 50 %, 0 %, 2312 MiB
2026/09/29 14:17:38.184, 1, 0 %, 0 %, 2304 MiB
2026/09/29 14:17:38.384, 0, 64 %, 9 %, 2312 MiB
2026/09/29 14:17:38.384, 1, 0 %, 0 %, 2304 MiB
2026/09/29 14:17:38.584, 0, 64 %, 9 %, 2312 MiB
2026/09/29 14:17:38.584, 1, 0 %, 0 %, 2304 MiB
2026/09/29 14:17:38.784, 0, 64 %, 9 %, 2312 MiB
2026/09/29 14:17:38.785, 1, 0 %, 0 %, 2304 MiB
2026/09/29 14:17:38.985, 0, 64 %, 9 %, 2312 MiB
2026/09/29 14:17:38.985, 1, 0 %, 0 %, 2304 MiB
2026/09/29 14:17:39.185, 0, 64 %, 9 %, 2312 MiB
2026/09/29 14:17:39.185, 1, 0 %, 0 %, 2304 MiB
2026/09/29 14:17:39.385, 0, 66 %, 9 %, 2312 MiB
2026/09/29 14:17:39.386, 1, 0 %, 0 %, 2304 MiB
2026/09/29 14:17:39.586, 0, 66 %, 9 %, 2312 MiB
2026/09/29 14:17:39.586, 1, 0 %, 0 %, 2304 MiB
2026/09/29 14:17:39.786, 0, 66 %, 9 %, 2312 MiB
2026/09/29 14:17:39.786, 1, 0 %, 0 %, 2304 MiB
2026/09/29 14:17:39.986, 0, 66 %, 9 %, 2312 MiB
2026/09/29 14:17:39.986, 1, 0 %, 0 %, 2304 MiB
2026/09/29 14:17:40.187, 0, 66 %, 9 %, 2312 MiB
2026/09/29 14:17:40.187, 1, 0 %, 0 %, 2304 MiB
2026/09/29 14:17:40.387, 0, 76 %, 12 %, 2312 MiB
2026/09/29 14:17:40.387, 1, 0 %, 0 %, 2304 MiB
2026/09/29 14:17:40.587, 0, 76 %, 12 %, 2312 MiB
2026/09/29 14:17:40.587, 1, 0 %, 0 %, 2304 MiB
2026/09/29 14:17:40.787, 0, 76 %, 12 %, 2312 MiB
2026/09/29 14:17:40.788, 1, 0 %, 0 %, 2304 MiB
2026/09/29 14:17:40.988, 0, 76 %, 12 %, 2312 MiB
2026/09/29 14:17:40.988, 1, 0 %, 0 %, 2304 MiB
2026/09/29 14:17:41.188, 0, 76 %, 12 %, 2312 MiB
2026/09/29 14:17:41.188, 1, 0 %, 0 %, 2304 MiB
2026/09/29 14:17:41.388, 0, 97 %, 24 %, 2312 MiB
2026/09/29 14:17:41.389, 1, 0 %, 0 %, 2304 MiB
2026/09/29 14:17:41.589, 0, 97 %, 24 %, 2312 MiB
2026/09/29 14:17:41.589, 1, 0 %, 0 %, 2304 MiB
2026/09/29 14:17:41.789, 0, 97 %, 24 %, 2312 MiB
2026/09/29 14:17:41.789, 1, 0 %, 0 %, 2304 MiB
2026/09/29 14:17:41.989, 0, 97 %, 24 %, 2312 MiB
2026/09/29 14:17:41.989, 1, 0 %, 0 %, 2304 MiB
2026/09/29 14:17:42.190, 0, 97 %, 24 %, 2312 MiB
2026/09/29 14:17:42.190, 1, 0 %, 0 %, 2304 MiB
2026/09/29 14:17:42.390, 0, 100 %, 28 %, 2312 MiB
2026/09/29 14:17:42.390, 1, 0 %, 0 %, 2304 MiB
2026/09/29 14:17:42.590, 0, 100 %, 28 %, 2312 MiB
2026/09/29 14:17:42.590, 1, 2 %, 0 %, 2304 MiB
2026/09/29 14:17:42.791, 0, 100 %, 28 %, 2312 MiB
2026/09/29 14:17:42.791, 1, 2 %, 0 %, 2304 MiB
2026/09/29 14:17:42.991, 0, 100 %, 28 %, 2312 MiB
2026/09/29 14:17:42.991, 1, 2 %, 0 %, 2304 MiB
2026/09/29 14:17:43.191, 0, 100 %, 28 %, 2312 MiB
2026/09/29 14:17:43.191, 1, 2 %, 0 %, 2304 MiB
2026/09/29 14:17:43.392, 0, 100 %, 28 %, 2312 MiB
2026/09/29 14:17:43.392, 1, 2 %, 0 %, 2304 MiB
2026/09/29 14:17:43.592, 0, 100 %, 28 %, 2312 MiB
2026/09/29 14:17:43.592, 1, 100 %, 27 %, 2304 MiB
2026/09/29 14:17:43.792, 0, 100 %, 28 %, 2312 MiB
2026/09/29 14:17:43.792, 1, 100 %, 27 %, 2304 MiB
2026/09/29 14:17:43.993, 0, 100 %, 28 %, 2312 MiB
2026/09/29 14:17:43.993, 1, 100 %, 27 %, 2304 MiB
2026/09/29 14:17:44.193, 0, 100 %, 28 %, 2312 MiB
2026/09/29 14:17:44.193, 1, 100 %, 27 %, 2304 MiB
2026/09/29 14:17:44.393, 0, 100 %, 28 %, 2312 MiB
2026/09/29 14:17:44.393, 1, 100 %, 27 %, 2304 MiB
2026/09/29 14:17:44.593, 0, 100 %, 28 %, 2312 MiB
2026/09/29 14:17:44.594, 1, 19 %, 0 %, 2304 MiB
2026/09/29 14:17:44.794, 0, 100 %, 28 %, 2312 MiB
2026/09/29 14:17:44.794, 1, 19 %, 0 %, 2304 MiB
2026/09/29 14:17:44.994, 0, 100 %, 28 %, 2312 MiB
2026/09/29 14:17:44.994, 1, 19 %, 0 %, 2304 MiB
2026/09/29 14:17:45.194, 0, 100 %, 28 %, 2312 MiB
2026/09/29 14:17:45.194, 1, 19 %, 0 %, 2304 MiB
2026/09/29 14:17:45.395, 0, 100 %, 28 %, 2312 MiB
2026/09/29 14:17:45.395, 1, 19 %, 0 %, 2304 MiB
2026/09/29 14:17:45.595, 0, 100 %, 28 %, 2312 MiB
2026/09/29 14:17:45.595, 1, 100 %, 27 %, 2304 MiB
2026/09/29 14:17:45.795, 0, 100 %, 28 %, 2312 MiB
2026/09/29 14:17:45.795, 1, 100 %, 27 %, 2304 MiB
2026/09/29 14:17:45.996, 0, 100 %, 28 %, 2312 MiB
2026/09/29 14:17:45.996, 1, 100 %, 27 %, 2304 MiB
2026/09/29 14:17:46.196, 0, 100 %, 28 %, 2312 MiB
2026/09/29 14:17:46.196, 1, 100 %, 27 %, 2304 MiB
2026/09/29 14:17:46.396, 0, 100 %, 27 %, 2312 MiB
2026/09/29 14:17:46.396, 1, 100 %, 27 %, 2304 MiB
2026/09/29 14:17:46.597, 0, 100 %, 27 %, 2312 MiB
2026/09/29 14:17:46.597, 1, 100 %, 27 %, 2304 MiB
2026/09/29 14:17:46.797, 0, 100 %, 27 %, 2312 MiB
2026/09/29 14:17:46.797, 1, 100 %, 27 %, 2304 MiB
2026/09/29 14:17:46.997, 0, 100 %, 27 %, 2312 MiB
2026/09/29 14:17:46.997, 1, 100 %, 27 %, 2304 MiB
2026/09/29 14:17:47.198, 0, 100 %, 27 %, 2312 MiB
2026/09/29 14:17:47.198, 1, 100 %, 27 %, 2304 MiB
2026/09/29 14:17:47.398, 0, 96 %, 20 %, 2312 MiB
2026/09/29 14:17:47.398, 1, 100 %, 27 %, 2304 MiB
2026/09/29 14:17:47.598, 0, 96 %, 20 %, 2312 MiB
2026/09/29 14:17:47.598, 1, 50 %, 9 %, 2304 MiB
2026/09/29 14:17:47.798, 0, 96 %, 20 %, 2312 MiB
2026/09/29 14:17:47.799, 1, 50 %, 9 %, 2304 MiB
2026/09/29 14:17:47.999, 0, 96 %, 20 %, 2312 MiB
2026/09/29 14:17:47.999, 1, 50 %, 9 %, 2304 MiB
2026/09/29 14:17:48.199, 0, 96 %, 20 %, 2312 MiB
2026/09/29 14:17:48.199, 1, 50 %, 9 %, 2304 MiB
2026/09/29 14:17:48.399, 0, 71 %, 9 %, 2312 MiB
2026/09/29 14:17:48.399, 1, 50 %, 9 %, 2304 MiB
2026/09/29 14:17:48.600, 0, 71 %, 9 %, 2312 MiB
2026/09/29 14:17:48.600, 1, 73 %, 11 %, 2304 MiB
2026/09/29 14:17:48.800, 0, 71 %, 9 %, 2312 MiB
2026/09/29 14:17:48.800, 1, 73 %, 11 %, 2304 MiB
2026/09/29 14:17:49.000, 0, 71 %, 9 %, 2312 MiB
2026/09/29 14:17:49.000, 1, 73 %, 11 %, 2304 MiB
2026/09/29 14:17:49.201, 0, 71 %, 9 %, 2312 MiB
2026/09/29 14:17:49.201, 1, 73 %, 11 %, 2304 MiB
2026/09/29 14:17:49.401, 0, 58 %, 2 %, 2312 MiB
2026/09/29 14:17:49.401, 1, 73 %, 11 %, 2304 MiB
2026/09/29 14:17:49.601, 0, 58 %, 2 %, 2312 MiB
2026/09/29 14:17:49.602, 1, 88 %, 20 %, 2304 MiB
2026/09/29 14:17:49.802, 0, 58 %, 2 %, 2312 MiB
2026/09/29 14:17:49.802, 1, 88 %, 20 %, 2304 MiB
2026/09/29 14:17:50.002, 0, 58 %, 2 %, 2312 MiB
2026/09/29 14:17:50.002, 1, 88 %, 20 %, 2304 MiB
2026/09/29 14:17:50.202, 0, 58 %, 2 %, 2312 MiB
2026/09/29 14:17:50.202, 1, 88 %, 20 %, 2304 MiB
2026/09/29 14:17:50.403, 0, 43 %, 1 %, 2312 MiB
2026/09/29 14:17:50.403, 1, 88 %, 20 %, 2304 MiB
2026/09/29 14:17:50.603, 0, 43 %, 1 %, 2312 MiB
2026/09/29 14:17:50.603, 1, 100 %, 27 %, 2304 MiB
2026/09/29 14:17:50.803, 0, 43 %, 1 %, 2312 MiB
2026/09/29 14:17:50.803, 1, 100 %, 27 %, 2304 MiB
2026/09/29 14:17:51.004, 0, 43 %, 1 %, 2312 MiB
2026/09/29 14:17:51.004, 1, 100 %, 27 %, 2304 MiB
2026/09/29 14:17:51.204, 0, 43 %, 1 %, 2312 MiB
2026/09/29 14:17:51.204, 1, 100 %, 27 %, 2304 MiB
2026/09/29 14:17:51.404, 0, 48 %, 1 %, 2312 MiB
2026/09/29 14:17:51.404, 1, 100 %, 27 %, 2304 MiB
2026/09/29 14:17:51.605, 0, 48 %, 1 %, 2312 MiB
2026/09/29 14:17:51.605, 1, 98 %, 25 %, 2304 MiB
2026/09/29 14:17:51.805, 0, 48 %, 1 %, 2312 MiB
2026/09/29 14:17:51.805, 1, 98 %, 25 %, 2304 MiB
2026/09/29 14:17:52.005, 0, 48 %, 1 %, 2312 MiB
2026/09/29 14:17:52.005, 1, 98 %, 25 %, 2304 MiB
2026/09/29 14:17:52.206, 0, 48 %, 1 %, 2312 MiB
2026/09/29 14:17:52.206, 1, 98 %, 25 %, 2304 MiB
2026/09/29 14:17:52.406, 0, 38 %, 1 %, 2312 MiB
2026/09/29 14:17:52.406, 1, 98 %, 25 %, 2304 MiB
2026/09/29 14:17:52.606, 0, 38 %, 1 %, 2312 MiB
2026/09/29 14:17:52.606, 1, 100 %, 27 %, 2304 MiB
2026/09/29 14:17:52.806, 0, 38 %, 1 %, 2312 MiB
2026/09/29 14:17:52.807, 1, 100 %, 27 %, 2304 MiB
2026/09/29 14:17:53.007, 0, 38 %, 1 %, 2312 MiB
2026/09/29 14:17:53.007, 1, 100 %, 27 %, 2304 MiB
2026/09/29 14:17:53.207, 0, 38 %, 1 %, 2312 MiB
2026/09/29 14:17:53.207, 1, 100 %, 27 %, 2304 MiB
2026/09/29 14:17:53.407, 0, 21 %, 1 %, 2312 MiB
2026/09/29 14:17:53.407, 1, 100 %, 27 %, 2304 MiB
2026/09/29 14:17:53.608, 0, 21 %, 1 %, 2312 MiB
2026/09/29 14:17:53.608, 1, 100 %, 27 %, 2304 MiB
2026/09/29 14:17:53.808, 0, 21 %, 1 %, 2312 MiB
2026/09/29 14:17:53.808, 1, 100 %, 27 %, 2304 MiB
2026/09/29 14:17:54.008, 0, 21 %, 1 %, 2312 MiB
2026/09/29 14:17:54.008, 1, 100 %, 27 %, 2304 MiB
2026/09/29 14:17:54.208, 0, 21 %, 1 %, 2312 MiB
2026/09/29 14:17:54.209, 1, 100 %, 27 %, 2304 MiB
2026/09/29 14:17:54.409, 0, 8 %, 1 %, 2312 MiB
2026/09/29 14:17:54.409, 1, 100 %, 27 %, 2304 MiB
2026/09/29 14:17:54.609, 0, 8 %, 1 %, 2312 MiB
2026/09/29 14:17:54.609, 1, 100 %, 27 %, 2304 MiB
2026/09/29 14:17:54.809, 0, 8 %, 1 %, 2312 MiB
2026/09/29 14:17:54.809, 1, 100 %, 27 %, 2304 MiB
2026/09/29 14:17:55.010, 0, 8 %, 1 %, 2312 MiB
2026/09/29 14:17:55.010, 1, 100 %, 27 %, 2304 MiB
2026/09/29 14:17:55.210, 0, 8 %, 1 %, 2312 MiB
2026/09/29 14:17:55.210, 1, 100 %, 27 %, 2304 MiB
2026/09/29 14:17:55.410, 0, 0 %, 0 %, 2312 MiB
2026/09/29 14:17:55.410, 1, 100 %, 27 %, 2304 MiB
2026/09/29 14:17:55.611, 0, 0 %, 0 %, 2312 MiB
2026/09/29 14:17:55.611, 1, 100 %, 22 %, 2304 MiB
2026/09/29 14:17:55.811, 0, 0 %, 0 %, 2312 MiB
2026/09/29 14:17:55.811, 1, 100 %, 22 %, 2304 MiB
2026/09/29 14:17:56.011, 0, 0 %, 0 %, 2312 MiB
2026/09/29 14:17:56.011, 1, 100 %, 22 %, 2304 MiB
2026/09/29 14:17:56.211, 0, 0 %, 0 %, 2312 MiB
2026/09/29 14:17:56.212, 1, 100 %, 22 %, 2304 MiB
2026/09/29 14:17:56.412, 0, 0 %, 0 %, 2312 MiB
2026/09/29 14:17:56.412, 1, 100 %, 22 %, 2304 MiB
2026/09/29 14:17:56.612, 0, 0 %, 0 %, 2312 MiB
2026/09/29 14:17:56.612, 1, 89 %, 18 %, 2304 MiB
2026/09/29 14:17:56.812, 0, 0 %, 0 %, 2312 MiB
2026/09/29 14:17:56.812, 1, 89 %, 18 %, 2304 MiB
2026/09/29 14:17:57.013, 0, 0 %, 0 %, 2312 MiB
2026/09/29 14:17:57.013, 1, 89 %, 18 %, 2304 MiB
2026/09/29 14:17:57.213, 0, 0 %, 0 %, 2312 MiB
2026/09/29 14:17:57.213, 1, 89 %, 18 %, 2304 MiB
2026/09/29 14:17:57.413, 0, 0 %, 0 %, 2312 MiB
2026/09/29 14:17:57.413, 1, 89 %, 18 %, 2304 MiB
2026/09/29 14:17:57.614, 0, 0 %, 0 %, 2312 MiB
2026/09/29 14:17:57.614, 1, 77 %, 13 %, 2304 MiB
2026/09/29 14:17:57.814, 0, 0 %, 0 %, 2312 MiB
2026/09/29 14:17:57.814, 1, 77 %, 13 %, 2304 MiB
2026/09/29 14:17:58.014, 0, 0 %, 0 %, 2312 MiB
2026/09/29 14:17:58.014, 1, 77 %, 13 %, 2304 MiB
2026/09/29 14:17:58.214, 0, 0 %, 0 %, 2312 MiB
2026/09/29 14:17:58.215, 1, 77 %, 13 %, 2304 MiB
2026/09/29 14:17:58.415, 0, 0 %, 0 %, 2312 MiB
2026/09/29 14:17:58.415, 1, 77 %, 13 %, 2304 MiB
2026/09/29 14:17:58.615, 0, 0 %, 0 %, 2312 MiB
2026/09/29 14:17:58.615, 1, 0 %, 0 %, 2304 MiB
2026/09/29 14:17:58.815, 0, 0 %, 0 %, 2312 MiB
2026/09/29 14:17:58.815, 1, 0 %, 0 %, 2304 MiB
2026/09/29 14:17:59.016, 0, 0 %, 0 %, 2312 MiB
2026/09/29 14:17:59.016, 1, 0 %, 0 %, 2304 MiB
2026/09/29 14:17:59.216, 0, 0 %, 0 %, 2312 MiB
2026/09/29 14:17:59.216, 1, 0 %, 0 %, 2304 MiB
2026/09/29 14:17:59.416, 0, 0 %, 0 %, 2312 MiB
2026/09/29 14:17:59.416, 1, 0 %, 0 %, 2304 MiB
2026/09/29 14:17:59.617, 0, 0 %, 0 %, 2312 MiB
2026/09/29 14:17:59.617, 1, 0 %, 0 %, 2304 MiB
2026/09/29 14:17:59.817, 0, 0 %, 0 %, 2312 MiB
2026/09/29 14:17:59.817, 1, 0 %, 0 %, 2304 MiB
2026/09/29 14:18:00.017, 0, 0 %, 0 %, 2312 MiB
2026/09/29 14:18:00.017, 1, 0 %, 0 %, 2304 MiB
2026/09/29 14:18:00.218, 0, 0 %, 0 %, 2312 MiB
2026/09/29 14:18:00.218, 1, 0 %, 0 %, 2304 MiB
2026/09/29 14:18:00.418, 0, 9 %, 0 %, 2312 MiB
2026/09/29 14:18:00.418, 1, 0 %, 0 %, 2304 MiB
2026/09/29 14:18:00.618, 0, 9 %, 0 %, 2312 MiB
2026/09/29 14:18:00.618, 1, 0 %, 0 %, 2304 MiB
2026/09/29 14:18:00.818, 0, 9 %, 0 %, 2312 MiB
2026/09/29 14:18:00.819, 1, 0 %, 0 %, 2304 MiB
2026/09/29 14:18:01.019, 0, 9 %, 0 %, 2312 MiB
2026/09/29 14:18:01.019, 1, 0 %, 0 %, 2304 MiB
2026/09/29 14:18:01.219, 0, 9 %, 0 %, 2312 MiB
2026/09/29 14:18:01.219, 1, 0 %, 0 %, 2304 MiB
2026/09/29 14:18:01.419, 0, 24 %, 0 %, 2312 MiB
2026/09/29 14:18:01.420, 1, 0 %, 0 %, 2304 MiB
2026/09/29 14:18:01.620, 0, 24 %, 0 %, 2312 MiB
2026/09/29 14:18:01.620, 1, 8 %, 0 %, 2304 MiB
2026/09/29 14:18:01.820, 0, 24 %, 0 %, 2312 MiB
2026/09/29 14:18:01.820, 1, 8 %, 0 %, 2304 MiB
2026/09/29 14:18:02.020, 0, 24 %, 0 %, 2312 MiB
2026/09/29 14:18:02.020, 1, 8 %, 0 %, 2304 MiB
2026/09/29 14:18:02.221, 0, 24 %, 0 %, 2312 MiB
2026/09/29 14:18:02.221, 1, 8 %, 0 %, 2304 MiB
2026/09/29 14:18:02.421, 0, 27 %, 0 %, 2312 MiB
2026/09/29 14:18:02.421, 1, 8 %, 0 %, 2304 MiB
2026/09/29 14:18:02.621, 0, 27 %, 0 %, 2312 MiB
2026/09/29 14:18:02.621, 1, 7 %, 0 %, 2304 MiB
2026/09/29 14:18:02.822, 0, 27 %, 0 %, 2312 MiB
2026/09/29 14:18:02.822, 1, 7 %, 0 %, 2304 MiB
2026/09/29 14:18:03.022, 0, 27 %, 0 %, 2312 MiB
2026/09/29 14:18:03.022, 1, 7 %, 0 %, 2304 MiB
2026/09/29 14:18:03.222, 0, 27 %, 0 %, 2312 MiB
2026/09/29 14:18:03.222, 1, 7 %, 0 %, 2304 MiB
2026/09/29 14:18:03.422, 0, 31 %, 0 %, 2312 MiB
2026/09/29 14:18:03.423, 1, 7 %, 0 %, 2304 MiB
2026/09/29 14:18:03.623, 0, 31 %, 0 %, 2312 MiB
2026/09/29 14:18:03.623, 1, 17 %, 0 %, 2304 MiB
2026/09/29 14:18:03.823, 0, 31 %, 0 %, 2312 MiB
2026/09/29 14:18:03.823, 1, 17 %, 0 %, 2304 MiB
2026/09/29 14:18:04.024, 0, 31 %, 0 %, 2312 MiB
2026/09/29 14:18:04.024, 1, 17 %, 0 %, 2304 MiB
2026/09/29 14:18:04.224, 0, 31 %, 0 %, 2312 MiB
2026/09/29 14:18:04.224, 1, 17 %, 0 %, 2304 MiB
2026/09/29 14:18:04.424, 0, 42 %, 0 %, 2312 MiB
2026/09/29 14:18:04.424, 1, 17 %, 0 %, 2304 MiB
2026/09/29 14:18:04.625, 0, 42 %, 0 %, 2312 MiB
2026/09/29 14:18:04.625, 1, 29 %, 0 %, 2304 MiB
2026/09/29 14:18:04.825, 0, 42 %, 0 %, 2312 MiB
2026/09/29 14:18:04.825, 1, 29 %, 0 %, 2304 MiB
2026/09/29 14:18:05.025, 0, 42 %, 0 %, 2312 MiB
2026/09/29 14:18:05.025, 1, 29 %, 0 %, 2304 MiB
2026/09/29 14:18:05.226, 0, 42 %, 0 %, 2312 MiB
2026/09/29 14:18:05.226, 1, 29 %, 0 %, 2304 MiB
2026/09/29 14:18:05.426, 0, 54 %, 3 %, 2312 MiB
2026/09/29 14:18:05.426, 1, 29 %, 0 %, 2304 MiB
2026/09/29 14:18:05.626, 0, 54 %, 3 %, 2312 MiB
2026/09/29 14:18:05.626, 1, 43 %, 0 %, 2304 MiB
2026/09/29 14:18:05.826, 0, 54 %, 3 %, 2312 MiB
2026/09/29 14:18:05.827, 1, 43 %, 0 %, 2304 MiB
2026/09/29 14:18:06.027, 0, 54 %, 3 %, 2312 MiB
2026/09/29 14:18:06.027, 1, 43 %, 0 %, 2304 MiB
2026/09/29 14:18:06.227, 0, 54 %, 3 %, 2312 MiB
2026/09/29 14:18:06.227, 1, 43 %, 0 %, 2304 MiB
2026/09/29 14:18:06.427, 0, 73 %, 11 %, 2312 MiB
2026/09/29 14:18:06.428, 1, 43 %, 0 %, 2304 MiB
2026/09/29 14:18:06.628, 0, 73 %, 11 %, 2312 MiB
2026/09/29 14:18:06.628, 1, 83 %, 18 %, 2304 MiB
2026/09/29 14:18:06.828, 0, 73 %, 11 %, 2352 MiB
2026/09/29 14:18:06.828, 1, 83 %, 18 %, 2344 MiB
2026/09/29 14:18:07.028, 0, 73 %, 11 %, 2352 MiB
2026/09/29 14:18:07.028, 1, 83 %, 18 %, 2344 MiB
2026/09/29 14:18:07.229, 0, 73 %, 11 %, 2352 MiB
2026/09/29 14:18:07.229, 1, 83 %, 18 %, 2344 MiB
2026/09/29 14:18:07.429, 0, 10 %, 0 %, 2352 MiB
2026/09/29 14:18:07.429, 1, 83 %, 18 %, 2344 MiB
2026/09/29 14:18:07.629, 0, 10 %, 0 %, 2352 MiB
2026/09/29 14:18:07.629, 1, 13 %, 0 %, 2344 MiB
2026/09/29 14:18:07.830, 0, 10 %, 0 %, 2352 MiB
2026/09/29 14:18:07.830, 1, 13 %, 0 %, 2344 MiB
2026/09/29 14:18:08.030, 0, 10 %, 0 %, 2352 MiB
2026/09/29 14:18:08.030, 1, 13 %, 0 %, 2344 MiB
2026/09/29 14:18:08.230, 0, 10 %, 0 %, 2352 MiB
2026/09/29 14:18:08.230, 1, 13 %, 0 %, 2344 MiB
2026/09/29 14:18:08.431, 0, 64 %, 8 %, 2352 MiB
2026/09/29 14:18:08.431, 1, 13 %, 0 %, 2344 MiB
2026/09/29 14:18:08.631, 0, 64 %, 8 %, 2352 MiB
2026/09/29 14:18:08.631, 1, 65 %, 8 %, 2344 MiB
2026/09/29 14:18:08.831, 0, 64 %, 8 %, 2352 MiB
2026/09/29 14:18:08.831, 1, 65 %, 8 %, 2344 MiB
2026/09/29 14:18:09.032, 0, 64 %, 8 %, 2352 MiB
2026/09/29 14:18:09.032, 1, 65 %, 8 %, 2344 MiB
2026/09/29 14:18:09.232, 0, 64 %, 8 %, 2352 MiB
2026/09/29 14:18:09.232, 1, 65 %, 8 %, 2344 MiB
2026/09/29 14:18:09.432, 0, 25 %, 8 %, 2352 MiB
2026/09/29 14:18:09.432, 1, 65 %, 8 %, 2344 MiB
2026/09/29 14:18:09.632, 0, 25 %, 8 %, 2352 MiB
2026/09/29 14:18:09.633, 1, 21 %, 8 %, 2344 MiB
2026/09/29 14:18:09.833, 0, 25 %, 8 %, 2352 MiB
2026/09/29 14:18:09.833, 1, 21 %, 8 %, 2344 MiB
2026/09/29 14:18:10.033, 0, 25 %, 8 %, 2352 MiB
2026/09/29 14:18:10.033, 1, 21 %, 8 %, 2344 MiB
2026/09/29 14:18:10.233, 0, 25 %, 8 %, 2352 MiB
2026/09/29 14:18:10.234, 1, 21 %, 8 %, 2344 MiB
2026/09/29 14:18:10.434, 0, 0 %, 0 %, 2352 MiB
2026/09/29 14:18:10.434, 1, 21 %, 8 %, 2342 MiB
2026/09/29 14:18:10.634, 0, 0 %, 0 %, 2352 MiB
2026/09/29 14:18:10.634, 1, 0 %, 0 %, 2340 MiB
2026/09/29 14:18:10.834, 0, 0 %, 0 %, 2352 MiB
2026/09/29 14:18:10.835, 1, 0 %, 0 %, 2340 MiB
2026/09/29 14:18:11.035, 0, 0 %, 0 %, 2352 MiB
2026/09/29 14:18:11.035, 1, 0 %, 0 %, 2340 MiB
2026/09/29 14:18:11.235, 0, 0 %, 0 %, 2352 MiB
2026/09/29 14:18:11.235, 1, 0 %, 0 %, 2340 MiB
2026/09/29 14:18:11.435, 0, 0 %, 0 %, 2352 MiB
2026/09/29 14:18:11.435, 1, 0 %, 0 %, 2340 MiB
2026/09/29 14:18:11.636, 0, 0 %, 0 %, 2352 MiB
2026/09/29 14:18:11.636, 1, 0 %, 0 %, 2340 MiB
2026/09/29 14:18:11.836, 0, 0 %, 0 %, 2352 MiB
2026/09/29 14:18:11.836, 1, 0 %, 0 %, 2340 MiB
2026/09/29 14:18:12.036, 0, 0 %, 0 %, 2352 MiB
2026/09/29 14:18:12.037, 1, 0 %, 0 %, 2340 MiB
2026/09/29 14:18:12.238, 0, 0 %, 0 %, 2352 MiB
2026/09/29 14:18:12.238, 1, 0 %, 0 %, 2340 MiB
2026/09/29 14:18:12.438, 0, 0 %, 0 %, 2352 MiB
2026/09/29 14:18:12.438, 1, 0 %, 0 %, 2340 MiB
2026/09/29 14:18:12.639, 0, 0 %, 0 %, 4 MiB
2026/09/29 14:18:12.722, 1, 0 %, 0 %, 4 MiB
2026/09/29 14:18:12.922, 0, 0 %, 0 %, 4 MiB
2026/09/29 14:18:12.922, 1, 0 %, 0 %, 4 MiB
2026/09/29 14:18:13.122, 0, 0 %, 0 %, 4 MiB
2026/09/29 14:18:13.122, 1, 0 %, 0 %, 4 MiB
2026/09/29 14:18:13.323, 0, 0 %, 0 %, 4 MiB
2026/09/29 14:18:13.323, 1, 0 %, 0 %, 4 MiB
2026/09/29 14:18:13.523, 0, 0 %, 0 %, 4 MiB
2026/09/29 14:18:13.523, 1, 0 %, 0 %, 4 MiB
2026/09/29 14:18:13.723, 0, 0 %, 0 %, 4 MiB
2026/09/29 14:18:13.723, 1, 0 %, 0 %, 4 MiB
2026/09/29 14:18:13.924, 0, 0 %, 0 %, 4 MiB
2026/09/29 14:18:13.924, 1, 0 %, 0 %, 4 MiB
2026/09/29 14:18:14.124, 0, 0 %, 0 %, 4 MiB
2026/09/29 14:18:14.124, 1, 0 %, 0 %, 4 MiB
2026/09/29 14:18:14.324, 0, 0 %, 0 %, 4 MiB
2026/09/29 14:18:14.324, 1, 0 %, 0 %, 4 MiB
2026/09/29 14:18:14.524, 0, 0 %, 0 %, 4 MiB
2026/09/29 14:18:14.525, 1, 0 %, 0 %, 4 MiB
2026/09/29 14:18:14.725, 0, 0 %, 0 %, 4 MiB
2026/09/29 14:18:14.725, 1, 0 %, 0 %, 4 MiB
2026/09/29 14:18:14.925, 0, 0 %, 0 %, 4 MiB
2026/09/29 14:18:14.925, 1, 0 %, 0 %, 4 MiB
2026/09/29 14:18:15.125, 0, 0 %, 0 %, 4 MiB
2026/09/29 14:18:15.125, 1, 0 %, 0 %, 4 MiB
2026/09/29 14:18:15.326, 0, 0 %, 0 %, 4 MiB
2026/09/29 14:18:15.326, 1, 0 %, 0 %, 4 MiB
2026/09/29 14:18:15.526, 0, 0 %, 0 %, 4 MiB
2026/09/29 14:18:15.526, 1, 0 %, 0 %, 4 MiB
2026/09/29 14:18:15.726, 0, 0 %, 0 %, 4 MiB
2026/09/29 14:18:15.726, 1, 0 %, 0 %, 4 MiB
2026/09/29 14:18:15.927, 0, 0 %, 0 %, 4 MiB
2026/09/29 14:18:15.927, 1, 0 %, 0 %, 4 MiB
2026/09/29 14:18:16.127, 0, 0 %, 0 %, 4 MiB
2026/09/29 14:18:16.127, 1, 0 %, 0 %, 4 MiB
2026/09/29 14:18:16.327, 0, 0 %, 0 %, 4 MiB
2026/09/29 14:18:16.327, 1, 0 %, 0 %, 4 MiB
2026/09/29 14:18:16.527, 0, 0 %, 0 %, 4 MiB
2026/09/29 14:18:16.528, 1, 0 %, 0 %, 4 MiB
2026/09/29 14:18:16.728, 0, 0 %, 0 %, 4 MiB
2026/09/29 14:18:16.728, 1, 0 %, 0 %, 4 MiB
2026/09/29 14:18:16.928, 0, 0 %, 0 %, 4 MiB
2026/09/29 14:18:16.928, 1, 0 %, 0 %, 4 MiB
2026/09/29 14:18:17.128, 0, 0 %, 0 %, 4 MiB
2026/09/29 14:18:17.128, 1, 0 %, 0 %, 4 MiB
2026/09/29 14:18:17.329, 0, 0 %, 0 %, 4 MiB
2026/09/29 14:18:17.329, 1, 0 %, 0 %, 4 MiB
2026/09/29 14:18:17.529, 0, 0 %, 0 %, 4 MiB
2026/09/29 14:18:17.529, 1, 0 %, 0 %, 4 MiB
2026/09/29 14:18:17.729, 0, 0 %, 0 %, 4 MiB
2026/09/29 14:18:17.729, 1, 0 %, 0 %, 4 MiB
2026/09/29 14:18:17.930, 0, 0 %, 0 %, 4 MiB
2026/09/29 14:18:17.930, 1, 0 %, 0 %, 4 MiB
2026/09/29 14:18:18.130, 0, 0 %, 0 %, 4 MiB
2026/09/29 14:18:18.130, 1, 0 %, 0 %, 4 MiB
2026/09/29 14:18:18.330, 0, 0 %, 0 %, 4 MiB
2026/09/29 14:18:18.330, 1, 0 %, 0 %, 4 MiB
2026/09/29 14:18:18.530, 0, 0 %, 0 %, 4 MiB
2026/09/29 14:18:18.531, 1, 0 %, 0 %, 4 MiB
2026/09/29 14:18:18.731, 0, 0 %, 0 %, 4 MiB
2026/09/29 14:18:18.731, 1, 0 %, 0 %, 4 MiB
2026/09/29 14:18:18.931, 0, 0 %, 0 %, 4 MiB
2026/09/29 14:18:18.931, 1, 0 %, 0 %, 4 MiB
2026/09/29 14:18:19.131, 0, 0 %, 0 %, 4 MiB
2026/09/29 14:18:19.132, 1, 0 %, 0 %, 4 MiB
2026/09/29 14:18:19.332, 0, 0 %, 0 %, 4 MiB
2026/09/29 14:18:19.341, 1, 0 %, 0 %, 4 MiB
2026/09/29 14:18:19.556, 0, 0 %, 0 %, 1 MiB
2026/09/29 14:18:19.556, 1, 0 %, 0 %, 1 MiB
2026/09/29 14:18:19.756, 0, 0 %, 0 %, 1 MiB
2026/09/29 14:18:19.756, 1, 0 %, 0 %, 1 MiB
2026/09/29 14:18:19.956, 0, 0 %, 0 %, 1 MiB
2026/09/29 14:18:19.956, 1, 0 %, 0 %, 1 MiB
2026/09/29 14:18:20.157, 0, 0 %, 0 %, 1 MiB
2026/09/29 14:18:20.157, 1, 0 %, 0 %, 1 MiB
2026/09/29 14:18:20.357, 0, 0 %, 0 %, 1 MiB
2026/09/29 14:18:20.357, 1, 0 %, 0 %, 1 MiB
2026/09/29 14:18:20.557, 0, 0 %, 0 %, 1 MiB
2026/09/29 14:18:20.558, 1, 0 %, 0 %, 1 MiB
2026/09/29 14:18:20.758, 0, 0 %, 0 %, 1 MiB
2026/09/29 14:18:20.758, 1, 0 %, 0 %, 1 MiB
2026/09/29 14:18:20.959, 0, 0 %, 0 %, 1 MiB
2026/09/29 14:18:20.959, 1, 0 %, 0 %, 1 MiB
2026/09/29 14:18:21.159, 0, 0 %, 0 %, 1 MiB
2026/09/29 14:18:21.159, 1, 0 %, 0 %, 1 MiB
2026/09/29 14:18:21.359, 0, 0 %, 0 %, 2 MiB
2026/09/29 14:18:21.367, 1, 0 %, 0 %, 1 MiB
2026/09/29 14:18:21.568, 0, 0 %, 0 %, 4 MiB
2026/09/29 14:18:21.569, 1, 0 %, 0 %, 4 MiB
2026/09/29 14:18:21.769, 0, 0 %, 0 %, 19 MiB
2026/09/29 14:18:21.770, 1, 0 %, 0 %, 4 MiB
2026/09/29 14:18:21.971, 0, 0 %, 0 %, 340 MiB
2026/09/29 14:18:21.971, 1, 0 %, 0 %, 4 MiB
2026/09/29 14:18:22.171, 0, 0 %, 0 %, 340 MiB
2026/09/29 14:18:22.171, 1, 0 %, 0 %, 340 MiB
2026/09/29 14:18:22.372, 0, 0 %, 0 %, 340 MiB
2026/09/29 14:18:22.372, 1, 0 %, 0 %, 340 MiB
2026/09/29 14:18:22.572, 0, 0 %, 0 %, 340 MiB
2026/09/29 14:18:22.572, 1, 0 %, 0 %, 340 MiB
2026/09/29 14:18:22.772, 0, 0 %, 0 %, 340 MiB
2026/09/29 14:18:22.772, 1, 0 %, 0 %, 340 MiB
2026/09/29 14:18:22.972, 0, 0 %, 0 %, 1 MiB
2026/09/29 14:18:22.973, 1, 0 %, 0 %, 1 MiB
2026/09/29 14:18:23.173, 0, 0 %, 0 %, 1 MiB
2026/09/29 14:18:23.173, 1, 0 %, 0 %, 1 MiB
2026/09/29 14:18:23.373, 0, 0 %, 0 %, 1 MiB
2026/09/29 14:18:23.373, 1, 0 %, 0 %, 1 MiB
2026/09/29 14:18:23.573, 0, 0 %, 0 %, 1 MiB
2026/09/29 14:18:23.574, 1, 0 %, 0 %, 1 MiB
2026/09/29 14:18:23.774, 0, 0 %, 0 %, 1 MiB
2026/09/29 14:18:23.774, 1, 0 %, 0 %, 1 MiB
2026/09/29 14:18:23.974, 0, 0 %, 0 %, 1 MiB
2026/09/29 14:18:23.974, 1, 0 %, 0 %, 1 MiB
2026/09/29 14:18:24.174, 0, 0 %, 0 %, 1 MiB
2026/09/29 14:18:24.174, 1, 0 %, 0 %, 1 MiB
2026/09/29 14:18:24.374, 0, 0 %, 0 %, 1 MiB
2026/09/29 14:18:24.375, 1, 0 %, 0 %, 1 MiB
2026/09/29 14:18:24.575, 0, 0 %, 0 %, 4 MiB
2026/09/29 14:18:24.596, 1, 0 %, 0 %, 1 MiB
2026/09/29 14:18:24.796, 0, 0 %, 0 %, 266 MiB
2026/09/29 14:18:24.796, 1, 0 %, 0 %, 4 MiB
2026/09/29 14:18:24.996, 0, 0 %, 0 %, 288 MiB
2026/09/29 14:18:24.996, 1, 0 %, 0 %, 288 MiB
2026/09/29 14:18:25.196, 0, 0 %, 0 %, 288 MiB
2026/09/29 14:18:25.196, 1, 0 %, 0 %, 288 MiB
2026/09/29 14:18:25.396, 0, 0 %, 0 %, 288 MiB
2026/09/29 14:18:25.397, 1, 0 %, 0 %, 288 MiB
2026/09/29 14:18:25.597, 0, 0 %, 0 %, 288 MiB
2026/09/29 14:18:25.597, 1, 0 %, 0 %, 288 MiB
2026/09/29 14:18:25.797, 0, 0 %, 0 %, 1 MiB
2026/09/29 14:18:25.797, 1, 0 %, 0 %, 1 MiB
2026/09/29 14:18:25.997, 0, 0 %, 0 %, 1 MiB
2026/09/29 14:18:25.998, 1, 0 %, 0 %, 1 MiB
2026/09/29 14:18:26.198, 0, 0 %, 0 %, 4 MiB
2026/09/29 14:18:26.198, 1, 0 %, 0 %, 1 MiB
2026/09/29 14:18:26.398, 0, 0 %, 0 %, 4 MiB
2026/09/29 14:18:26.398, 1, 0 %, 0 %, 1 MiB
2026/09/29 14:18:26.598, 0, 0 %, 0 %, 4 MiB
2026/09/29 14:18:26.599, 1, 0 %, 0 %, 2 MiB
2026/09/29 14:18:26.800, 0, 0 %, 0 %, 4 MiB
2026/09/29 14:18:26.800, 1, 0 %, 0 %, 1 MiB
2026/09/29 14:18:27.000, 0, 0 %, 0 %, 4 MiB
2026/09/29 14:18:27.000, 1, 0 %, 0 %, 1 MiB
2026/09/29 14:18:27.200, 0, 0 %, 0 %, 4 MiB
2026/09/29 14:18:27.200, 1, 0 %, 0 %, 1 MiB
2026/09/29 14:18:27.401, 0, 0 %, 0 %, 4 MiB
2026/09/29 14:18:27.401, 1, 0 %, 0 %, 1 MiB
2026/09/29 14:18:27.601, 0, 0 %, 0 %, 4 MiB
2026/09/29 14:18:27.601, 1, 0 %, 0 %, 1 MiB
2026/09/29 14:18:27.801, 0, 0 %, 0 %, 4 MiB
2026/09/29 14:18:27.801, 1, 0 %, 0 %, 1 MiB
2026/09/29 14:18:28.001, 0, 0 %, 0 %, 4 MiB
2026/09/29 14:18:28.001, 1, 0 %, 0 %, 1 MiB
2026/09/29 14:18:28.202, 0, 0 %, 0 %, 4 MiB
2026/09/29 14:18:28.202, 1, 0 %, 0 %, 1 MiB
2026/09/29 14:18:28.402, 0, 0 %, 0 %, 4 MiB
2026/09/29 14:18:28.402, 1, 0 %, 0 %, 1 MiB
2026/09/29 14:18:28.602, 0, 0 %, 0 %, 4 MiB
2026/09/29 14:18:28.602, 1, 0 %, 0 %, 1 MiB
2026/09/29 14:18:28.802, 0, 0 %, 0 %, 4 MiB
2026/09/29 14:18:28.802, 1, 0 %, 0 %, 1 MiB
2026/09/29 14:18:29.003, 0, 0 %, 0 %, 4 MiB
2026/09/29 14:18:29.003, 1, 0 %, 0 %, 1 MiB
2026/09/29 14:18:29.203, 0, 0 %, 0 %, 4 MiB
2026/09/29 14:18:29.203, 1, 0 %, 0 %, 1 MiB
2026/09/29 14:18:29.403, 0, 0 %, 0 %, 4 MiB
2026/09/29 14:18:29.403, 1, 0 %, 0 %, 1 MiB
2026/09/29 14:18:29.603, 0, 0 %, 0 %, 4 MiB
2026/09/29 14:18:29.604, 1, 0 %, 0 %, 1 MiB
2026/09/29 14:18:29.804, 0, 0 %, 0 %, 4 MiB
2026/09/29 14:18:29.804, 1, 0 %, 0 %, 1 MiB
2026/09/29 14:18:30.004, 0, 0 %, 0 %, 4 MiB
2026/09/29 14:18:30.004, 1, 0 %, 0 %, 1 MiB
2026/09/29 14:18:30.204, 0, 0 %, 0 %, 4 MiB
2026/09/29 14:18:30.204, 1, 0 %, 0 %, 1 MiB
2026/09/29 14:18:30.405, 0, 0 %, 0 %, 4 MiB
2026/09/29 14:18:30.405, 1, 0 %, 0 %, 1 MiB
2026/09/29 14:18:30.605, 0, 0 %, 0 %, 4 MiB
2026/09/29 14:18:30.605, 1, 0 %, 0 %, 1 MiB
2026/09/29 14:18:30.806, 0, 0 %, 0 %, 4 MiB
2026/09/29 14:18:30.806, 1, 0 %, 0 %, 1 MiB
2026/09/29 14:18:31.006, 0, 0 %, 0 %, 4 MiB
2026/09/29 14:18:31.006, 1, 0 %, 0 %, 1 MiB
2026/09/29 14:18:31.206, 0, 0 %, 0 %, 4 MiB
2026/09/29 14:18:31.206, 1, 0 %, 0 %, 1 MiB
2026/09/29 14:18:31.406, 0, 0 %, 0 %, 4 MiB
2026/09/29 14:18:31.407, 1, 0 %, 0 %, 1 MiB
2026/09/29 14:18:31.607, 0, 0 %, 0 %, 4 MiB
2026/09/29 14:18:31.607, 1, 0 %, 0 %, 1 MiB
2026/09/29 14:18:31.807, 0, 0 %, 0 %, 4 MiB
2026/09/29 14:18:31.807, 1, 0 %, 0 %, 1 MiB
2026/09/29 14:18:32.007, 0, 0 %, 0 %, 4 MiB
2026/09/29 14:18:32.007, 1, 0 %, 0 %, 1 MiB
2026/09/29 14:18:32.208, 0, 0 %, 0 %, 4 MiB
2026/09/29 14:18:32.208, 1, 0 %, 0 %, 1 MiB
2026/09/29 14:18:32.408, 0, 0 %, 0 %, 19 MiB
2026/09/29 14:18:32.418, 1, 0 %, 0 %, 1 MiB
2026/09/29 14:18:32.618, 0, 0 %, 0 %, 358 MiB
2026/09/29 14:18:32.618, 1, 0 %, 0 %, 1 MiB
2026/09/29 14:18:32.818, 0, 0 %, 0 %, 530 MiB
2026/09/29 14:18:32.818, 1, 0 %, 0 %, 1 MiB
2026/09/29 14:18:33.019, 0, 0 %, 0 %, 574 MiB
2026/09/29 14:18:33.019, 1, 0 %, 0 %, 1 MiB
2026/09/29 14:18:33.219, 0, 0 %, 0 %, 706 MiB
2026/09/29 14:18:33.219, 1, 0 %, 0 %, 1 MiB
2026/09/29 14:18:33.419, 0, 6 %, 1 %, 3090 MiB
2026/09/29 14:18:33.419, 1, 0 %, 0 %, 1 MiB
2026/09/29 14:18:33.619, 0, 6 %, 1 %, 4020 MiB
2026/09/29 14:18:33.620, 1, 0 %, 0 %, 1 MiB
2026/09/29 14:18:33.820, 0, 6 %, 1 %, 4022 MiB
2026/09/29 14:18:33.820, 1, 0 %, 0 %, 1 MiB
2026/09/29 14:18:34.020, 0, 6 %, 1 %, 4022 MiB
2026/09/29 14:18:34.020, 1, 0 %, 0 %, 1 MiB
2026/09/29 14:18:34.220, 0, 6 %, 1 %, 4022 MiB
2026/09/29 14:18:34.220, 1, 0 %, 0 %, 1 MiB
2026/09/29 14:18:34.420, 0, 0 %, 0 %, 4022 MiB
2026/09/29 14:18:34.421, 1, 0 %, 0 %, 1 MiB
2026/09/29 14:18:34.621, 0, 0 %, 0 %, 4022 MiB
2026/09/29 14:18:34.621, 1, 0 %, 0 %, 1 MiB
2026/09/29 14:18:34.821, 0, 0 %, 0 %, 4022 MiB
2026/09/29 14:18:34.821, 1, 0 %, 0 %, 1 MiB
2026/09/29 14:18:35.021, 0, 0 %, 0 %, 4022 MiB
2026/09/29 14:18:35.021, 1, 0 %, 0 %, 1 MiB
2026/09/29 14:18:35.222, 0, 0 %, 0 %, 4022 MiB
2026/09/29 14:18:35.222, 1, 0 %, 0 %, 1 MiB
2026/09/29 14:18:35.422, 0, 80 %, 38 %, 4022 MiB
2026/09/29 14:18:35.422, 1, 0 %, 0 %, 1 MiB
2026/09/29 14:18:35.622, 0, 80 %, 38 %, 4022 MiB
2026/09/29 14:18:35.622, 1, 0 %, 0 %, 1 MiB
2026/09/29 14:18:35.823, 0, 80 %, 38 %, 4022 MiB
2026/09/29 14:18:35.823, 1, 0 %, 0 %, 1 MiB
2026/09/29 14:18:36.023, 0, 80 %, 38 %, 4022 MiB
2026/09/29 14:18:36.023, 1, 0 %, 0 %, 1 MiB
2026/09/29 14:18:36.223, 0, 80 %, 38 %, 4022 MiB
2026/09/29 14:18:36.223, 1, 0 %, 0 %, 1 MiB
2026/09/29 14:18:36.423, 0, 16 %, 12 %, 4022 MiB
2026/09/29 14:18:36.424, 1, 0 %, 0 %, 1 MiB
2026/09/29 14:18:36.624, 0, 16 %, 12 %, 4022 MiB
2026/09/29 14:18:36.624, 1, 0 %, 0 %, 1 MiB
2026/09/29 14:18:36.824, 0, 16 %, 12 %, 4022 MiB
2026/09/29 14:18:36.824, 1, 0 %, 0 %, 1 MiB
2026/09/29 14:18:37.024, 0, 16 %, 12 %, 4022 MiB
2026/09/29 14:18:37.024, 1, 0 %, 0 %, 1 MiB
2026/09/29 14:18:37.225, 0, 16 %, 12 %, 4022 MiB
2026/09/29 14:18:37.225, 1, 0 %, 0 %, 1 MiB
2026/09/29 14:18:37.425, 0, 19 %, 13 %, 4022 MiB
2026/09/29 14:18:37.425, 1, 0 %, 0 %, 1 MiB
2026/09/29 14:18:37.625, 0, 19 %, 13 %, 4022 MiB
2026/09/29 14:18:37.625, 1, 0 %, 0 %, 1 MiB
2026/09/29 14:18:37.825, 0, 19 %, 13 %, 4022 MiB
2026/09/29 14:18:37.826, 1, 0 %, 0 %, 1 MiB
2026/09/29 14:18:38.026, 0, 19 %, 13 %, 4022 MiB
2026/09/29 14:18:38.026, 1, 0 %, 0 %, 1 MiB
2026/09/29 14:18:38.226, 0, 19 %, 13 %, 4022 MiB
2026/09/29 14:18:38.226, 1, 0 %, 0 %, 1 MiB
2026/09/29 14:18:38.426, 0, 73 %, 31 %, 4022 MiB
2026/09/29 14:18:38.426, 1, 0 %, 0 %, 1 MiB
2026/09/29 14:18:38.627, 0, 73 %, 31 %, 4022 MiB
2026/09/29 14:18:38.627, 1, 0 %, 0 %, 1 MiB
2026/09/29 14:18:38.827, 0, 73 %, 31 %, 4022 MiB
2026/09/29 14:18:38.827, 1, 0 %, 0 %, 1 MiB
2026/09/29 14:18:39.027, 0, 73 %, 31 %, 4022 MiB
2026/09/29 14:18:39.027, 1, 0 %, 0 %, 1 MiB
2026/09/29 14:18:39.227, 0, 73 %, 31 %, 4022 MiB
2026/09/29 14:18:39.227, 1, 0 %, 0 %, 1 MiB
2026/09/29 14:18:39.428, 0, 0 %, 0 %, 4022 MiB
2026/09/29 14:18:39.428, 1, 0 %, 0 %, 1 MiB
2026/09/29 14:18:39.628, 0, 0 %, 0 %, 4022 MiB
2026/09/29 14:18:39.628, 1, 0 %, 0 %, 1 MiB
2026/09/29 14:18:39.828, 0, 0 %, 0 %, 4022 MiB
2026/09/29 14:18:39.828, 1, 0 %, 0 %, 1 MiB
2026/09/29 14:18:40.028, 0, 0 %, 0 %, 4022 MiB
2026/09/29 14:18:40.029, 1, 0 %, 0 %, 1 MiB
2026/09/29 14:18:40.229, 0, 0 %, 0 %, 4022 MiB
2026/09/29 14:18:40.229, 1, 0 %, 0 %, 1 MiB
2026/09/29 14:18:40.429, 0, 81 %, 38 %, 4022 MiB
2026/09/29 14:18:40.429, 1, 0 %, 0 %, 1 MiB
2026/09/29 14:18:40.629, 0, 81 %, 38 %, 4022 MiB
2026/09/29 14:18:40.629, 1, 0 %, 0 %, 1 MiB
2026/09/29 14:18:40.830, 0, 81 %, 38 %, 4022 MiB
2026/09/29 14:18:40.830, 1, 0 %, 0 %, 1 MiB
2026/09/29 14:18:41.030, 0, 81 %, 38 %, 4022 MiB
2026/09/29 14:18:41.030, 1, 0 %, 0 %, 1 MiB
2026/09/29 14:18:41.230, 0, 81 %, 38 %, 4022 MiB
2026/09/29 14:18:41.230, 1, 0 %, 0 %, 1 MiB
2026/09/29 14:18:41.430, 0, 12 %, 10 %, 4022 MiB
2026/09/29 14:18:41.431, 1, 0 %, 0 %, 1 MiB
2026/09/29 14:18:41.631, 0, 12 %, 10 %, 4022 MiB
2026/09/29 14:18:41.631, 1, 0 %, 0 %, 1 MiB
2026/09/29 14:18:41.831, 0, 12 %, 10 %, 4022 MiB
2026/09/29 14:18:41.831, 1, 0 %, 0 %, 1 MiB
2026/09/29 14:18:42.031, 0, 12 %, 10 %, 4022 MiB
2026/09/29 14:18:42.031, 1, 0 %, 0 %, 1 MiB
2026/09/29 14:18:42.232, 0, 12 %, 10 %, 4022 MiB
2026/09/29 14:18:42.232, 1, 0 %, 0 %, 1 MiB
2026/09/29 14:18:42.432, 0, 30 %, 20 %, 4022 MiB
2026/09/29 14:18:42.432, 1, 0 %, 0 %, 1 MiB
2026/09/29 14:18:42.632, 0, 30 %, 20 %, 4022 MiB
2026/09/29 14:18:42.632, 1, 0 %, 0 %, 1 MiB
2026/09/29 14:18:42.832, 0, 30 %, 20 %, 4022 MiB
2026/09/29 14:18:42.833, 1, 0 %, 0 %, 1 MiB
2026/09/29 14:18:43.033, 0, 30 %, 20 %, 4022 MiB
2026/09/29 14:18:43.033, 1, 0 %, 0 %, 1 MiB
2026/09/29 14:18:43.233, 0, 30 %, 20 %, 4022 MiB
2026/09/29 14:18:43.233, 1, 0 %, 0 %, 1 MiB
2026/09/29 14:18:43.433, 0, 73 %, 30 %, 4022 MiB
2026/09/29 14:18:43.433, 1, 0 %, 0 %, 1 MiB
2026/09/29 14:18:43.634, 0, 73 %, 30 %, 4022 MiB
2026/09/29 14:18:43.634, 1, 0 %, 0 %, 1 MiB
2026/09/29 14:18:43.834, 0, 73 %, 30 %, 4022 MiB
2026/09/29 14:18:43.834, 1, 0 %, 0 %, 1 MiB
2026/09/29 14:18:44.034, 0, 73 %, 30 %, 4022 MiB
2026/09/29 14:18:44.034, 1, 0 %, 0 %, 1 MiB
2026/09/29 14:18:44.234, 0, 73 %, 30 %, 4022 MiB
2026/09/29 14:18:44.235, 1, 0 %, 0 %, 1 MiB
2026/09/29 14:18:44.435, 0, 0 %, 0 %, 4022 MiB
2026/09/29 14:18:44.435, 1, 0 %, 0 %, 1 MiB
2026/09/29 14:18:44.635, 0, 0 %, 0 %, 4022 MiB
2026/09/29 14:18:44.635, 1, 0 %, 0 %, 1 MiB
2026/09/29 14:18:44.835, 0, 0 %, 0 %, 4022 MiB
2026/09/29 14:18:44.835, 1, 0 %, 0 %, 1 MiB
2026/09/29 14:18:45.036, 0, 0 %, 0 %, 4022 MiB
2026/09/29 14:18:45.036, 1, 0 %, 0 %, 1 MiB
2026/09/29 14:18:45.236, 0, 0 %, 0 %, 4022 MiB
2026/09/29 14:18:45.236, 1, 0 %, 0 %, 1 MiB
2026/09/29 14:18:45.436, 0, 100 %, 46 %, 4022 MiB
2026/09/29 14:18:45.436, 1, 0 %, 0 %, 1 MiB
2026/09/29 14:18:45.636, 0, 100 %, 46 %, 4022 MiB
2026/09/29 14:18:45.636, 1, 0 %, 0 %, 1 MiB
2026/09/29 14:18:45.837, 0, 100 %, 46 %, 4022 MiB
2026/09/29 14:18:45.837, 1, 0 %, 0 %, 1 MiB
2026/09/29 14:18:46.037, 0, 100 %, 46 %, 4022 MiB
2026/09/29 14:18:46.037, 1, 0 %, 0 %, 1 MiB
2026/09/29 14:18:46.237, 0, 100 %, 46 %, 4022 MiB
2026/09/29 14:18:46.237, 1, 0 %, 0 %, 1 MiB
2026/09/29 14:18:46.438, 0, 0 %, 0 %, 4022 MiB
2026/09/29 14:18:46.438, 1, 0 %, 0 %, 1 MiB
2026/09/29 14:18:46.638, 0, 0 %, 0 %, 4022 MiB
2026/09/29 14:18:46.638, 1, 0 %, 0 %, 1 MiB
2026/09/29 14:18:46.838, 0, 0 %, 0 %, 4022 MiB
2026/09/29 14:18:46.838, 1, 0 %, 0 %, 1 MiB
2026/09/29 14:18:47.038, 0, 0 %, 0 %, 4022 MiB
2026/09/29 14:18:47.038, 1, 0 %, 0 %, 1 MiB
2026/09/29 14:18:47.239, 0, 0 %, 0 %, 4022 MiB
2026/09/29 14:18:47.239, 1, 0 %, 0 %, 1 MiB
2026/09/29 14:18:47.439, 0, 43 %, 27 %, 4022 MiB
2026/09/29 14:18:47.439, 1, 0 %, 0 %, 1 MiB
2026/09/29 14:18:47.639, 0, 43 %, 27 %, 4022 MiB
2026/09/29 14:18:47.639, 1, 0 %, 0 %, 1 MiB
2026/09/29 14:18:47.839, 0, 43 %, 27 %, 4022 MiB
2026/09/29 14:18:47.840, 1, 0 %, 0 %, 1 MiB
2026/09/29 14:18:48.040, 0, 43 %, 27 %, 4022 MiB
2026/09/29 14:18:48.040, 1, 0 %, 0 %, 1 MiB
2026/09/29 14:18:48.240, 0, 43 %, 27 %, 4022 MiB
2026/09/29 14:18:48.240, 1, 0 %, 0 %, 1 MiB
2026/09/29 14:18:48.440, 0, 51 %, 22 %, 4022 MiB
2026/09/29 14:18:48.440, 1, 0 %, 0 %, 1 MiB
2026/09/29 14:18:48.641, 0, 51 %, 22 %, 4022 MiB
2026/09/29 14:18:48.641, 1, 0 %, 0 %, 1 MiB
2026/09/29 14:18:48.841, 0, 51 %, 22 %, 4022 MiB
2026/09/29 14:18:48.841, 1, 0 %, 0 %, 1 MiB
2026/09/29 14:18:49.041, 0, 51 %, 22 %, 4022 MiB
2026/09/29 14:18:49.041, 1, 0 %, 0 %, 1 MiB
2026/09/29 14:18:49.241, 0, 51 %, 22 %, 4022 MiB
2026/09/29 14:18:49.242, 1, 0 %, 0 %, 1 MiB
2026/09/29 14:18:49.442, 0, 0 %, 0 %, 4022 MiB
2026/09/29 14:18:49.442, 1, 0 %, 0 %, 1 MiB
2026/09/29 14:18:49.642, 0, 0 %, 0 %, 4022 MiB
2026/09/29 14:18:49.642, 1, 0 %, 0 %, 1 MiB
2026/09/29 14:18:49.842, 0, 0 %, 0 %, 4022 MiB
2026/09/29 14:18:49.842, 1, 0 %, 0 %, 1 MiB
2026/09/29 14:18:50.043, 0, 0 %, 0 %, 4022 MiB
2026/09/29 14:18:50.043, 1, 0 %, 0 %, 1 MiB
2026/09/29 14:18:50.243, 0, 0 %, 0 %, 4022 MiB
2026/09/29 14:18:50.243, 1, 0 %, 0 %, 1 MiB
2026/09/29 14:18:50.443, 0, 92 %, 43 %, 4022 MiB
2026/09/29 14:18:50.444, 1, 0 %, 0 %, 1 MiB
2026/09/29 14:18:50.644, 0, 92 %, 43 %, 4022 MiB
2026/09/29 14:18:50.644, 1, 0 %, 0 %, 1 MiB
2026/09/29 14:18:50.844, 0, 92 %, 43 %, 4022 MiB
2026/09/29 14:18:50.844, 1, 0 %, 0 %, 1 MiB
2026/09/29 14:18:51.045, 0, 92 %, 43 %, 4022 MiB
2026/09/29 14:18:51.045, 1, 0 %, 0 %, 1 MiB
2026/09/29 14:18:51.245, 0, 92 %, 43 %, 4022 MiB
2026/09/29 14:18:51.245, 1, 0 %, 0 %, 1 MiB
2026/09/29 14:18:51.445, 0, 0 %, 0 %, 4022 MiB
2026/09/29 14:18:51.445, 1, 0 %, 0 %, 1 MiB
2026/09/29 14:18:51.645, 0, 0 %, 0 %, 4022 MiB
2026/09/29 14:18:51.646, 1, 0 %, 0 %, 1 MiB
2026/09/29 14:18:51.846, 0, 0 %, 0 %, 4022 MiB
2026/09/29 14:18:51.846, 1, 0 %, 0 %, 1 MiB
2026/09/29 14:18:52.046, 0, 0 %, 0 %, 4022 MiB
2026/09/29 14:18:52.046, 1, 0 %, 0 %, 1 MiB
2026/09/29 14:18:52.246, 0, 0 %, 0 %, 4022 MiB
2026/09/29 14:18:52.246, 1, 0 %, 0 %, 1 MiB
2026/09/29 14:18:52.447, 0, 79 %, 37 %, 4022 MiB
2026/09/29 14:18:52.447, 1, 0 %, 0 %, 1 MiB
2026/09/29 14:18:52.647, 0, 79 %, 37 %, 4022 MiB
2026/09/29 14:18:52.647, 1, 0 %, 0 %, 1 MiB
2026/09/29 14:18:52.847, 0, 79 %, 37 %, 4022 MiB
2026/09/29 14:18:52.847, 1, 0 %, 0 %, 1 MiB
2026/09/29 14:18:53.047, 0, 79 %, 37 %, 4022 MiB
2026/09/29 14:18:53.048, 1, 0 %, 0 %, 1 MiB
2026/09/29 14:18:53.248, 0, 79 %, 37 %, 4022 MiB
2026/09/29 14:18:53.248, 1, 0 %, 0 %, 1 MiB
2026/09/29 14:18:53.448, 0, 19 %, 14 %, 4022 MiB
2026/09/29 14:18:53.448, 1, 0 %, 0 %, 1 MiB
2026/09/29 14:18:53.648, 0, 19 %, 14 %, 4022 MiB
2026/09/29 14:18:53.648, 1, 0 %, 0 %, 1 MiB
2026/09/29 14:18:53.849, 0, 19 %, 14 %, 4022 MiB
2026/09/29 14:18:53.849, 1, 0 %, 0 %, 1 MiB
2026/09/29 14:18:54.049, 0, 19 %, 14 %, 4022 MiB
2026/09/29 14:18:54.049, 1, 0 %, 0 %, 1 MiB
2026/09/29 14:18:54.249, 0, 19 %, 14 %, 4022 MiB
2026/09/29 14:18:54.249, 1, 0 %, 0 %, 1 MiB
2026/09/29 14:18:54.449, 0, 20 %, 13 %, 4022 MiB
2026/09/29 14:18:54.450, 1, 0 %, 0 %, 1 MiB
2026/09/29 14:18:54.650, 0, 20 %, 13 %, 4022 MiB
2026/09/29 14:18:54.650, 1, 0 %, 0 %, 1 MiB
2026/09/29 14:18:54.850, 0, 20 %, 13 %, 4022 MiB
2026/09/29 14:18:54.850, 1, 0 %, 0 %, 1 MiB
2026/09/29 14:18:55.050, 0, 20 %, 13 %, 4022 MiB
2026/09/29 14:18:55.050, 1, 0 %, 0 %, 1 MiB
2026/09/29 14:18:55.251, 0, 20 %, 13 %, 4022 MiB
2026/09/29 14:18:55.251, 1, 0 %, 0 %, 1 MiB
2026/09/29 14:18:55.451, 0, 69 %, 30 %, 4022 MiB
2026/09/29 14:18:55.451, 1, 0 %, 0 %, 1 MiB
2026/09/29 14:18:55.651, 0, 69 %, 30 %, 4022 MiB
2026/09/29 14:18:55.651, 1, 0 %, 0 %, 1 MiB
2026/09/29 14:18:55.851, 0, 69 %, 30 %, 4022 MiB
2026/09/29 14:18:55.852, 1, 0 %, 0 %, 1 MiB
2026/09/29 14:18:56.052, 0, 69 %, 30 %, 4022 MiB
2026/09/29 14:18:56.052, 1, 0 %, 0 %, 1 MiB
2026/09/29 14:18:56.252, 0, 69 %, 30 %, 4022 MiB
2026/09/29 14:18:56.252, 1, 0 %, 0 %, 1 MiB
2026/09/29 14:18:56.452, 0, 0 %, 0 %, 4022 MiB
2026/09/29 14:18:56.452, 1, 0 %, 0 %, 1 MiB
2026/09/29 14:18:56.653, 0, 0 %, 0 %, 4022 MiB
2026/09/29 14:18:56.653, 1, 0 %, 0 %, 1 MiB
2026/09/29 14:18:56.853, 0, 0 %, 0 %, 4022 MiB
2026/09/29 14:18:56.853, 1, 0 %, 0 %, 1 MiB
2026/09/29 14:18:57.053, 0, 0 %, 0 %, 4022 MiB
2026/09/29 14:18:57.053, 1, 0 %, 0 %, 1 MiB
2026/09/29 14:18:57.253, 0, 0 %, 0 %, 4022 MiB
2026/09/29 14:18:57.254, 1, 0 %, 0 %, 1 MiB
2026/09/29 14:18:57.454, 0, 100 %, 45 %, 4022 MiB
2026/09/29 14:18:57.454, 1, 0 %, 0 %, 1 MiB
2026/09/29 14:18:57.654, 0, 100 %, 45 %, 4022 MiB
2026/09/29 14:18:57.654, 1, 0 %, 0 %, 1 MiB
2026/09/29 14:18:57.854, 0, 100 %, 45 %, 4022 MiB
2026/09/29 14:18:57.855, 1, 0 %, 0 %, 1 MiB
2026/09/29 14:18:58.056, 0, 100 %, 45 %, 4022 MiB
2026/09/29 14:18:58.056, 1, 0 %, 0 %, 1 MiB
2026/09/29 14:18:58.256, 0, 100 %, 45 %, 4022 MiB
2026/09/29 14:18:58.256, 1, 0 %, 0 %, 1 MiB
2026/09/29 14:18:58.456, 0, 0 %, 0 %, 4022 MiB
2026/09/29 14:18:58.456, 1, 0 %, 0 %, 1 MiB
2026/09/29 14:18:58.656, 0, 0 %, 0 %, 4022 MiB
2026/09/29 14:18:58.657, 1, 0 %, 0 %, 1 MiB
2026/09/29 14:18:58.857, 0, 0 %, 0 %, 4022 MiB
2026/09/29 14:18:58.857, 1, 0 %, 0 %, 1 MiB
2026/09/29 14:18:59.057, 0, 0 %, 0 %, 4022 MiB
2026/09/29 14:18:59.057, 1, 0 %, 0 %, 1 MiB
2026/09/29 14:18:59.257, 0, 0 %, 0 %, 4022 MiB
2026/09/29 14:18:59.257, 1, 0 %, 0 %, 1 MiB
2026/09/29 14:18:59.458, 0, 60 %, 34 %, 4022 MiB
2026/09/29 14:18:59.458, 1, 0 %, 0 %, 1 MiB
2026/09/29 14:18:59.658, 0, 60 %, 34 %, 4022 MiB
2026/09/29 14:18:59.658, 1, 0 %, 0 %, 1 MiB
2026/09/29 14:18:59.858, 0, 60 %, 34 %, 4022 MiB
2026/09/29 14:18:59.858, 1, 0 %, 0 %, 1 MiB
2026/09/29 14:19:00.058, 0, 60 %, 34 %, 4022 MiB
2026/09/29 14:19:00.059, 1, 0 %, 0 %, 1 MiB
2026/09/29 14:19:00.259, 0, 60 %, 34 %, 4022 MiB
2026/09/29 14:19:00.259, 1, 0 %, 0 %, 1 MiB
2026/09/29 14:19:00.459, 0, 29 %, 17 %, 4022 MiB
2026/09/29 14:19:00.459, 1, 0 %, 0 %, 1 MiB
2026/09/29 14:19:00.659, 0, 29 %, 17 %, 4022 MiB
2026/09/29 14:19:00.659, 1, 0 %, 0 %, 1 MiB
2026/09/29 14:19:00.859, 0, 29 %, 17 %, 4022 MiB
2026/09/29 14:19:00.860, 1, 0 %, 0 %, 1 MiB
2026/09/29 14:19:01.060, 0, 29 %, 17 %, 4022 MiB
2026/09/29 14:19:01.060, 1, 0 %, 0 %, 1 MiB
2026/09/29 14:19:01.260, 0, 29 %, 17 %, 4022 MiB
2026/09/29 14:19:01.260, 1, 0 %, 0 %, 1 MiB
2026/09/29 14:19:01.460, 0, 18 %, 13 %, 4022 MiB
2026/09/29 14:19:01.460, 1, 0 %, 0 %, 1 MiB
2026/09/29 14:19:01.661, 0, 18 %, 13 %, 4022 MiB
2026/09/29 14:19:01.661, 1, 0 %, 0 %, 1 MiB
2026/09/29 14:19:01.861, 0, 18 %, 13 %, 4022 MiB
2026/09/29 14:19:01.861, 1, 0 %, 0 %, 1 MiB
2026/09/29 14:19:02.061, 0, 18 %, 13 %, 4022 MiB
2026/09/29 14:19:02.061, 1, 0 %, 0 %, 1 MiB
2026/09/29 14:19:02.261, 0, 18 %, 13 %, 4022 MiB
2026/09/29 14:19:02.262, 1, 0 %, 0 %, 1 MiB
2026/09/29 14:19:02.462, 0, 32 %, 16 %, 4022 MiB
2026/09/29 14:19:02.462, 1, 0 %, 0 %, 1 MiB
2026/09/29 14:19:02.662, 0, 32 %, 16 %, 4022 MiB
2026/09/29 14:19:02.662, 1, 0 %, 0 %, 1 MiB
2026/09/29 14:19:02.862, 0, 32 %, 16 %, 4022 MiB
2026/09/29 14:19:02.863, 1, 0 %, 0 %, 1 MiB
2026/09/29 14:19:03.063, 0, 32 %, 16 %, 4022 MiB
2026/09/29 14:19:03.063, 1, 0 %, 0 %, 1 MiB
2026/09/29 14:19:03.263, 0, 32 %, 16 %, 4022 MiB
2026/09/29 14:19:03.263, 1, 0 %, 0 %, 1 MiB
2026/09/29 14:19:03.463, 0, 0 %, 0 %, 4022 MiB
2026/09/29 14:19:03.463, 1, 0 %, 0 %, 1 MiB
2026/09/29 14:19:03.664, 0, 0 %, 0 %, 3958 MiB
2026/09/29 14:19:03.664, 1, 0 %, 0 %, 1 MiB
2026/09/29 14:19:03.864, 0, 0 %, 0 %, 3958 MiB
2026/09/29 14:19:03.864, 1, 0 %, 0 %, 1 MiB
2026/09/29 14:19:04.064, 0, 0 %, 0 %, 3958 MiB
2026/09/29 14:19:04.064, 1, 0 %, 0 %, 1 MiB
2026/09/29 14:19:04.264, 0, 0 %, 0 %, 3956 MiB
2026/09/29 14:19:04.265, 1, 0 %, 0 %, 1 MiB
2026/09/29 14:19:04.465, 0, 0 %, 0 %, 3956 MiB
2026/09/29 14:19:04.465, 1, 0 %, 0 %, 1 MiB
2026/09/29 14:19:04.665, 0, 0 %, 0 %, 3956 MiB
2026/09/29 14:19:04.665, 1, 0 %, 0 %, 1 MiB
2026/09/29 14:19:04.865, 0, 0 %, 0 %, 4 MiB
2026/09/29 14:19:04.865, 1, 0 %, 0 %, 1 MiB
2026/09/29 14:19:05.066, 0, 0 %, 0 %, 4 MiB
2026/09/29 14:19:05.066, 1, 0 %, 0 %, 1 MiB
2026/09/29 14:19:05.266, 0, 0 %, 0 %, 4 MiB
2026/09/29 14:19:05.266, 1, 0 %, 0 %, 1 MiB
2026/09/29 14:19:05.466, 0, 0 %, 0 %, 4 MiB
2026/09/29 14:19:05.466, 1, 0 %, 0 %, 1 MiB
2026/09/29 14:19:05.666, 0, 0 %, 0 %, 4 MiB
2026/09/29 14:19:05.667, 1, 0 %, 0 %, 1 MiB
2026/09/29 14:19:05.867, 0, 0 %, 0 %, 4 MiB
2026/09/29 14:19:05.867, 1, 0 %, 0 %, 1 MiB
2026/09/29 14:19:06.067, 0, 0 %, 0 %, 4 MiB
2026/09/29 14:19:06.067, 1, 0 %, 0 %, 1 MiB
2026/09/29 14:19:06.267, 0, 0 %, 0 %, 4 MiB
2026/09/29 14:19:06.267, 1, 0 %, 0 %, 1 MiB
2026/09/29 14:19:06.468, 0, 0 %, 0 %, 4 MiB
2026/09/29 14:19:06.468, 1, 0 %, 0 %, 1 MiB
2026/09/29 14:19:06.668, 0, 0 %, 0 %, 4 MiB
2026/09/29 14:19:06.668, 1, 0 %, 0 %, 1 MiB
2026/09/29 14:19:06.868, 0, 0 %, 0 %, 4 MiB
2026/09/29 14:19:06.868, 1, 0 %, 0 %, 1 MiB
2026/09/29 14:19:07.068, 0, 0 %, 0 %, 4 MiB
2026/09/29 14:19:07.068, 1, 0 %, 0 %, 1 MiB
2026/09/29 14:19:07.269, 0, 0 %, 0 %, 4 MiB
2026/09/29 14:19:07.269, 1, 0 %, 0 %, 1 MiB
2026/09/29 14:19:07.469, 0, 0 %, 0 %, 4 MiB
2026/09/29 14:19:07.469, 1, 0 %, 0 %, 1 MiB
2026/09/29 14:19:07.669, 0, 0 %, 0 %, 4 MiB
2026/09/29 14:19:07.669, 1, 0 %, 0 %, 1 MiB
2026/09/29 14:19:07.870, 0, 0 %, 0 %, 4 MiB
2026/09/29 14:19:07.870, 1, 0 %, 0 %, 1 MiB
2026/09/29 14:19:08.070, 0, 0 %, 0 %, 4 MiB
2026/09/29 14:19:08.070, 1, 0 %, 0 %, 1 MiB
2026/09/29 14:19:08.270, 0, 0 %, 0 %, 4 MiB
2026/09/29 14:19:08.270, 1, 0 %, 0 %, 1 MiB
2026/09/29 14:19:08.470, 0, 0 %, 0 %, 4 MiB
2026/09/29 14:19:08.470, 1, 0 %, 0 %, 1 MiB
2026/09/29 14:19:08.671, 0, 0 %, 0 %, 4 MiB
2026/09/29 14:19:08.671, 1, 0 %, 0 %, 1 MiB
2026/09/29 14:19:08.871, 0, 0 %, 0 %, 4 MiB
2026/09/29 14:19:08.871, 1, 0 %, 0 %, 1 MiB
2026/09/29 14:19:09.071, 0, 0 %, 0 %, 4 MiB
2026/09/29 14:19:09.071, 1, 0 %, 0 %, 1 MiB
2026/09/29 14:19:09.271, 0, 0 %, 0 %, 4 MiB
2026/09/29 14:19:09.272, 1, 0 %, 0 %, 1 MiB
2026/09/29 14:19:09.472, 0, 0 %, 0 %, 4 MiB
2026/09/29 14:19:09.472, 1, 0 %, 0 %, 1 MiB
2026/09/29 14:19:09.672, 0, 0 %, 0 %, 4 MiB
2026/09/29 14:19:09.672, 1, 0 %, 0 %, 1 MiB
2026/09/29 14:19:09.872, 0, 0 %, 0 %, 4 MiB
2026/09/29 14:19:09.872, 1, 0 %, 0 %, 1 MiB
2026/09/29 14:19:10.073, 0, 0 %, 0 %, 4 MiB
2026/09/29 14:19:10.073, 1, 0 %, 0 %, 1 MiB
2026/09/29 14:19:10.273, 0, 0 %, 0 %, 4 MiB
2026/09/29 14:19:10.273, 1, 0 %, 0 %, 1 MiB
2026/09/29 14:19:10.473, 0, 0 %, 0 %, 4 MiB
2026/09/29 14:19:10.473, 1, 0 %, 0 %, 1 MiB
2026/09/29 14:19:10.673, 0, 0 %, 0 %, 4 MiB
2026/09/29 14:19:10.674, 1, 0 %, 0 %, 1 MiB
2026/09/29 14:19:10.874, 0, 0 %, 0 %, 1 MiB
2026/09/29 14:19:10.877, 1, 0 %, 0 %, 1 MiB
2026/09/29 14:19:11.083, 0, 0 %, 0 %, 1 MiB
2026/09/29 14:19:11.083, 1, 0 %, 0 %, 1 MiB
2026/09/29 14:19:11.283, 0, 0 %, 0 %, 4 MiB
2026/09/29 14:19:11.291, 1, 0 %, 0 %, 1 MiB
2026/09/29 14:19:11.533, 0, 0 %, 0 %, 4 MiB
2026/09/29 14:19:11.533, 1, 0 %, 0 %, 4 MiB
2026/09/29 14:19:11.733, 0, 0 %, 0 %, 4 MiB
2026/09/29 14:19:11.733, 1, 0 %, 0 %, 4 MiB
2026/09/29 14:19:11.934, 0, 0 %, 0 %, 4 MiB
2026/09/29 14:19:11.940, 1, 0 %, 0 %, 4 MiB
2026/09/29 14:19:12.141, 0, 0 %, 0 %, 4 MiB
2026/09/29 14:19:12.141, 1, 0 %, 0 %, 4 MiB
2026/09/29 14:19:12.341, 0, 0 %, 0 %, 4 MiB
2026/09/29 14:19:12.341, 1, 0 %, 0 %, 4 MiB
2026/09/29 14:19:12.542, 0, 0 %, 0 %, 4 MiB
2026/09/29 14:19:12.542, 1, 0 %, 0 %, 4 MiB
2026/09/29 14:19:12.742, 0, 0 %, 0 %, 4 MiB
2026/09/29 14:19:12.742, 1, 0 %, 0 %, 4 MiB
2026/09/29 14:19:12.942, 0, 0 %, 0 %, 4 MiB
2026/09/29 14:19:12.942, 1, 0 %, 0 %, 4 MiB
2026/09/29 14:19:13.142, 0, 0 %, 0 %, 4 MiB
2026/09/29 14:19:13.143, 1, 0 %, 0 %, 4 MiB
2026/09/29 14:19:13.343, 0, 0 %, 0 %, 4 MiB
2026/09/29 14:19:13.343, 1, 0 %, 0 %, 4 MiB
2026/09/29 14:19:13.543, 0, 0 %, 0 %, 4 MiB
2026/09/29 14:19:13.543, 1, 0 %, 0 %, 4 MiB
2026/09/29 14:19:13.743, 0, 0 %, 0 %, 4 MiB
2026/09/29 14:19:13.743, 1, 0 %, 0 %, 4 MiB
2026/09/29 14:19:13.944, 0, 0 %, 0 %, 4 MiB
2026/09/29 14:19:13.944, 1, 0 %, 0 %, 4 MiB
2026/09/29 14:19:14.144, 0, 0 %, 0 %, 4 MiB
2026/09/29 14:19:14.144, 1, 0 %, 0 %, 4 MiB
2026/09/29 14:19:14.350, 0, 0 %, 0 %, 4 MiB
2026/09/29 14:19:14.350, 1, 0 %, 0 %, 4 MiB
2026/09/29 14:19:14.550, 0, 0 %, 0 %, 4 MiB
2026/09/29 14:19:14.550, 1, 0 %, 0 %, 4 MiB
2026/09/29 14:19:14.750, 0, 0 %, 0 %, 4 MiB
2026/09/29 14:19:14.751, 1, 0 %, 0 %, 4 MiB
2026/09/29 14:19:14.951, 0, 0 %, 0 %, 4 MiB
2026/09/29 14:19:14.951, 1, 0 %, 0 %, 4 MiB
2026/09/29 14:19:15.151, 0, 0 %, 0 %, 4 MiB
2026/09/29 14:19:15.151, 1, 0 %, 0 %, 4 MiB
2026/09/29 14:19:15.351, 0, 0 %, 0 %, 4 MiB
2026/09/29 14:19:15.351, 1, 0 %, 0 %, 4 MiB
2026/09/29 14:19:15.552, 0, 0 %, 0 %, 4 MiB
2026/09/29 14:19:15.557, 1, 0 %, 0 %, 4 MiB
2026/09/29 14:19:15.761, 0, 0 %, 0 %, 4 MiB
2026/09/29 14:19:15.762, 1, 0 %, 0 %, 4 MiB
2026/09/29 14:19:15.962, 0, 0 %, 0 %, 4 MiB
2026/09/29 14:19:15.962, 1, 0 %, 0 %, 4 MiB
2026/09/29 14:19:16.162, 0, 0 %, 0 %, 4 MiB
2026/09/29 14:19:16.162, 1, 0 %, 0 %, 4 MiB
2026/09/29 14:19:16.362, 0, 0 %, 0 %, 4 MiB
2026/09/29 14:19:16.362, 1, 0 %, 0 %, 4 MiB
2026/09/29 14:19:16.563, 0, 0 %, 0 %, 4 MiB
2026/09/29 14:19:16.563, 1, 0 %, 0 %, 4 MiB
2026/09/29 14:19:16.763, 0, 0 %, 0 %, 4 MiB
2026/09/29 14:19:16.763, 1, 0 %, 0 %, 4 MiB
2026/09/29 14:19:16.963, 0, 0 %, 0 %, 4 MiB
2026/09/29 14:19:16.963, 1, 0 %, 0 %, 4 MiB
2026/09/29 14:19:17.164, 0, 0 %, 0 %, 4 MiB
2026/09/29 14:19:17.164, 1, 0 %, 0 %, 4 MiB
2026/09/29 14:19:17.364, 0, 0 %, 0 %, 4 MiB
2026/09/29 14:19:17.364, 1, 0 %, 0 %, 4 MiB
2026/09/29 14:19:17.564, 0, 0 %, 0 %, 4 MiB
2026/09/29 14:19:17.564, 1, 0 %, 0 %, 4 MiB
2026/09/29 14:19:17.764, 0, 0 %, 0 %, 4 MiB
2026/09/29 14:19:17.764, 1, 0 %, 0 %, 4 MiB
2026/09/29 14:19:17.965, 0, 0 %, 0 %, 4 MiB
2026/09/29 14:19:17.965, 1, 0 %, 0 %, 4 MiB
2026/09/29 14:19:18.165, 0, 0 %, 0 %, 4 MiB
2026/09/29 14:19:18.165, 1, 0 %, 0 %, 4 MiB
2026/09/29 14:19:18.365, 0, 0 %, 0 %, 4 MiB
2026/09/29 14:19:18.365, 1, 0 %, 0 %, 4 MiB
2026/09/29 14:19:18.566, 0, 0 %, 0 %, 4 MiB
2026/09/29 14:19:18.566, 1, 0 %, 0 %, 4 MiB
2026/09/29 14:19:18.766, 0, 0 %, 0 %, 19 MiB
2026/09/29 14:19:18.767, 1, 0 %, 0 %, 19 MiB
2026/09/29 14:19:18.967, 0, 0 %, 0 %, 358 MiB
2026/09/29 14:19:18.967, 1, 0 %, 0 %, 358 MiB
2026/09/29 14:19:19.168, 0, 0 %, 0 %, 402 MiB
2026/09/29 14:19:19.168, 1, 0 %, 0 %, 402 MiB
2026/09/29 14:19:19.368, 0, 52 %, 0 %, 608 MiB
2026/09/29 14:19:19.368, 1, 0 %, 0 %, 608 MiB
2026/09/29 14:19:19.568, 0, 52 %, 0 %, 676 MiB
2026/09/29 14:19:19.568, 1, 0 %, 0 %, 676 MiB
2026/09/29 14:19:19.768, 0, 52 %, 0 %, 1824 MiB
2026/09/29 14:19:19.769, 1, 0 %, 0 %, 1712 MiB
2026/09/29 14:19:19.969, 0, 52 %, 0 %, 2372 MiB
2026/09/29 14:19:19.969, 1, 0 %, 0 %, 2372 MiB
2026/09/29 14:19:20.169, 0, 52 %, 0 %, 2378 MiB
2026/09/29 14:19:20.169, 1, 0 %, 0 %, 2378 MiB
2026/09/29 14:19:20.369, 0, 27 %, 3 %, 2378 MiB
2026/09/29 14:19:20.369, 1, 0 %, 0 %, 2378 MiB
2026/09/29 14:19:20.569, 0, 27 %, 3 %, 2378 MiB
2026/09/29 14:19:20.570, 1, 5 %, 4 %, 2378 MiB
2026/09/29 14:19:20.770, 0, 27 %, 3 %, 2378 MiB
2026/09/29 14:19:20.770, 1, 5 %, 4 %, 2378 MiB
2026/09/29 14:19:20.970, 0, 27 %, 3 %, 2378 MiB
2026/09/29 14:19:20.970, 1, 5 %, 4 %, 2378 MiB
2026/09/29 14:19:21.170, 0, 27 %, 3 %, 2378 MiB
2026/09/29 14:19:21.170, 1, 5 %, 4 %, 2378 MiB
2026/09/29 14:19:21.371, 0, 67 %, 24 %, 2378 MiB
2026/09/29 14:19:21.371, 1, 5 %, 4 %, 2378 MiB
2026/09/29 14:19:21.571, 0, 67 %, 24 %, 2378 MiB
2026/09/29 14:19:21.571, 1, 86 %, 28 %, 2378 MiB
2026/09/29 14:19:21.771, 0, 67 %, 24 %, 2378 MiB
2026/09/29 14:19:21.771, 1, 86 %, 28 %, 2378 MiB
2026/09/29 14:19:21.971, 0, 67 %, 24 %, 2378 MiB
2026/09/29 14:19:21.971, 1, 86 %, 28 %, 2378 MiB
2026/09/29 14:19:22.172, 0, 67 %, 24 %, 2378 MiB
2026/09/29 14:19:22.172, 1, 86 %, 28 %, 2378 MiB
2026/09/29 14:19:22.372, 0, 51 %, 13 %, 2378 MiB
2026/09/29 14:19:22.372, 1, 86 %, 28 %, 2378 MiB
2026/09/29 14:19:22.572, 0, 51 %, 13 %, 2378 MiB
2026/09/29 14:19:22.572, 1, 18 %, 7 %, 2378 MiB
2026/09/29 14:19:22.772, 0, 51 %, 13 %, 2378 MiB
2026/09/29 14:19:22.773, 1, 18 %, 7 %, 2378 MiB
2026/09/29 14:19:22.973, 0, 51 %, 13 %, 2378 MiB
2026/09/29 14:19:22.973, 1, 18 %, 7 %, 2378 MiB
2026/09/29 14:19:23.173, 0, 51 %, 13 %, 2378 MiB
2026/09/29 14:19:23.173, 1, 18 %, 7 %, 2378 MiB
2026/09/29 14:19:23.373, 0, 56 %, 23 %, 2378 MiB
2026/09/29 14:19:23.373, 1, 18 %, 7 %, 2378 MiB
2026/09/29 14:19:23.574, 0, 56 %, 23 %, 2378 MiB
2026/09/29 14:19:23.574, 1, 71 %, 21 %, 2378 MiB
2026/09/29 14:19:23.774, 0, 56 %, 23 %, 2378 MiB
2026/09/29 14:19:23.774, 1, 71 %, 21 %, 2378 MiB
2026/09/29 14:19:23.974, 0, 56 %, 23 %, 2378 MiB
2026/09/29 14:19:23.974, 1, 71 %, 21 %, 2378 MiB
2026/09/29 14:19:24.174, 0, 56 %, 23 %, 2378 MiB
2026/09/29 14:19:24.175, 1, 71 %, 21 %, 2378 MiB
2026/09/29 14:19:24.375, 0, 88 %, 20 %, 2378 MiB
2026/09/29 14:19:24.375, 1, 71 %, 21 %, 2378 MiB
2026/09/29 14:19:24.575, 0, 88 %, 20 %, 2378 MiB
2026/09/29 14:19:24.575, 1, 51 %, 17 %, 2378 MiB
2026/09/29 14:19:24.775, 0, 88 %, 20 %, 2378 MiB
2026/09/29 14:19:24.775, 1, 51 %, 17 %, 2378 MiB
2026/09/29 14:19:24.976, 0, 88 %, 20 %, 2378 MiB
2026/09/29 14:19:24.976, 1, 51 %, 17 %, 2378 MiB
2026/09/29 14:19:25.176, 0, 88 %, 20 %, 2378 MiB
2026/09/29 14:19:25.176, 1, 51 %, 17 %, 2378 MiB
2026/09/29 14:19:25.378, 0, 20 %, 5 %, 2378 MiB
2026/09/29 14:19:25.378, 1, 51 %, 17 %, 2378 MiB
2026/09/29 14:19:25.578, 0, 20 %, 5 %, 2378 MiB
2026/09/29 14:19:25.579, 1, 22 %, 9 %, 2378 MiB
2026/09/29 14:19:25.779, 0, 20 %, 5 %, 2378 MiB
2026/09/29 14:19:25.779, 1, 22 %, 9 %, 2378 MiB
2026/09/29 14:19:25.980, 0, 20 %, 5 %, 2378 MiB
2026/09/29 14:19:25.980, 1, 22 %, 9 %, 2378 MiB
2026/09/29 14:19:26.180, 0, 20 %, 5 %, 2378 MiB
2026/09/29 14:19:26.180, 1, 22 %, 9 %, 2378 MiB
2026/09/29 14:19:26.380, 0, 87 %, 28 %, 2378 MiB
2026/09/29 14:19:26.380, 1, 22 %, 9 %, 2378 MiB
2026/09/29 14:19:26.581, 0, 87 %, 28 %, 2378 MiB
2026/09/29 14:19:26.581, 1, 65 %, 19 %, 2378 MiB
2026/09/29 14:19:26.781, 0, 87 %, 28 %, 2378 MiB
2026/09/29 14:19:26.781, 1, 65 %, 19 %, 2378 MiB
2026/09/29 14:19:26.981, 0, 87 %, 28 %, 2378 MiB
2026/09/29 14:19:26.981, 1, 65 %, 19 %, 2378 MiB
2026/09/29 14:19:27.181, 0, 87 %, 28 %, 2378 MiB
2026/09/29 14:19:27.181, 1, 65 %, 19 %, 2378 MiB
2026/09/29 14:19:27.382, 0, 19 %, 9 %, 2378 MiB
2026/09/29 14:19:27.382, 1, 65 %, 19 %, 2378 MiB
2026/09/29 14:19:27.582, 0, 19 %, 9 %, 2378 MiB
2026/09/29 14:19:27.582, 1, 43 %, 12 %, 2378 MiB
2026/09/29 14:19:27.782, 0, 19 %, 9 %, 2378 MiB
2026/09/29 14:19:27.782, 1, 43 %, 12 %, 2378 MiB
2026/09/29 14:19:27.982, 0, 19 %, 9 %, 2378 MiB
2026/09/29 14:19:27.983, 1, 43 %, 12 %, 2378 MiB
2026/09/29 14:19:28.183, 0, 19 %, 9 %, 2378 MiB
2026/09/29 14:19:28.183, 1, 43 %, 12 %, 2378 MiB
2026/09/29 14:19:28.383, 0, 85 %, 20 %, 2378 MiB
2026/09/29 14:19:28.383, 1, 43 %, 12 %, 2378 MiB
2026/09/29 14:19:28.583, 0, 85 %, 20 %, 2378 MiB
2026/09/29 14:19:28.583, 1, 50 %, 17 %, 2378 MiB
2026/09/29 14:19:28.783, 0, 85 %, 20 %, 2378 MiB
2026/09/29 14:19:28.784, 1, 50 %, 17 %, 2378 MiB
2026/09/29 14:19:28.984, 0, 85 %, 20 %, 2378 MiB
2026/09/29 14:19:28.984, 1, 50 %, 17 %, 2378 MiB
2026/09/29 14:19:29.184, 0, 85 %, 20 %, 2378 MiB
2026/09/29 14:19:29.184, 1, 50 %, 17 %, 2378 MiB
2026/09/29 14:19:29.384, 0, 19 %, 9 %, 2378 MiB
2026/09/29 14:19:29.384, 1, 50 %, 17 %, 2378 MiB
2026/09/29 14:19:29.585, 0, 19 %, 9 %, 2378 MiB
2026/09/29 14:19:29.585, 1, 44 %, 13 %, 2378 MiB
2026/09/29 14:19:29.785, 0, 19 %, 9 %, 2378 MiB
2026/09/29 14:19:29.785, 1, 44 %, 13 %, 2378 MiB
2026/09/29 14:19:29.985, 0, 19 %, 9 %, 2378 MiB
2026/09/29 14:19:29.985, 1, 44 %, 13 %, 2378 MiB
2026/09/29 14:19:30.185, 0, 19 %, 9 %, 2378 MiB
2026/09/29 14:19:30.186, 1, 44 %, 13 %, 2378 MiB
2026/09/29 14:19:30.386, 0, 54 %, 14 %, 2378 MiB
2026/09/29 14:19:30.386, 1, 44 %, 13 %, 2378 MiB
2026/09/29 14:19:30.586, 0, 54 %, 14 %, 2378 MiB
2026/09/29 14:19:30.586, 1, 23 %, 10 %, 2378 MiB
2026/09/29 14:19:30.786, 0, 54 %, 14 %, 2378 MiB
2026/09/29 14:19:30.786, 1, 23 %, 10 %, 2378 MiB
2026/09/29 14:19:30.987, 0, 54 %, 14 %, 2378 MiB
2026/09/29 14:19:30.987, 1, 23 %, 10 %, 2378 MiB
2026/09/29 14:19:31.187, 0, 54 %, 14 %, 2378 MiB
2026/09/29 14:19:31.187, 1, 23 %, 10 %, 2378 MiB
2026/09/29 14:19:31.387, 0, 32 %, 12 %, 2378 MiB
2026/09/29 14:19:31.387, 1, 23 %, 10 %, 2378 MiB
2026/09/29 14:19:31.587, 0, 32 %, 12 %, 2378 MiB
2026/09/29 14:19:31.588, 1, 59 %, 15 %, 2378 MiB
2026/09/29 14:19:31.788, 0, 32 %, 12 %, 2378 MiB
2026/09/29 14:19:31.788, 1, 59 %, 15 %, 2378 MiB
2026/09/29 14:19:31.988, 0, 32 %, 12 %, 2378 MiB
2026/09/29 14:19:31.988, 1, 59 %, 15 %, 2378 MiB
2026/09/29 14:19:32.188, 0, 32 %, 12 %, 2378 MiB
2026/09/29 14:19:32.188, 1, 59 %, 15 %, 2378 MiB
2026/09/29 14:19:32.389, 0, 87 %, 23 %, 2378 MiB
2026/09/29 14:19:32.389, 1, 59 %, 15 %, 2378 MiB
2026/09/29 14:19:32.589, 0, 87 %, 23 %, 2378 MiB
2026/09/29 14:19:32.589, 1, 41 %, 17 %, 2378 MiB
2026/09/29 14:19:32.789, 0, 87 %, 23 %, 2378 MiB
2026/09/29 14:19:32.789, 1, 41 %, 17 %, 2378 MiB
2026/09/29 14:19:32.989, 0, 87 %, 23 %, 2378 MiB
2026/09/29 14:19:32.990, 1, 41 %, 17 %, 2378 MiB
2026/09/29 14:19:33.190, 0, 87 %, 23 %, 2378 MiB
2026/09/29 14:19:33.190, 1, 41 %, 17 %, 2378 MiB
2026/09/29 14:19:33.390, 0, 48 %, 14 %, 2378 MiB
2026/09/29 14:19:33.390, 1, 41 %, 17 %, 2378 MiB
2026/09/29 14:19:33.590, 0, 48 %, 14 %, 2378 MiB
2026/09/29 14:19:33.590, 1, 85 %, 28 %, 2378 MiB
2026/09/29 14:19:33.791, 0, 48 %, 14 %, 2378 MiB
2026/09/29 14:19:33.791, 1, 85 %, 28 %, 2378 MiB
2026/09/29 14:19:33.991, 0, 48 %, 14 %, 2378 MiB
2026/09/29 14:19:33.991, 1, 85 %, 28 %, 2378 MiB
2026/09/29 14:19:34.191, 0, 48 %, 14 %, 2378 MiB
2026/09/29 14:19:34.191, 1, 85 %, 28 %, 2378 MiB
2026/09/29 14:19:34.391, 0, 43 %, 12 %, 2378 MiB
2026/09/29 14:19:34.391, 1, 85 %, 28 %, 2378 MiB
2026/09/29 14:19:34.592, 0, 43 %, 12 %, 2378 MiB
2026/09/29 14:19:34.592, 1, 8 %, 6 %, 2378 MiB
2026/09/29 14:19:34.792, 0, 43 %, 12 %, 2378 MiB
2026/09/29 14:19:34.792, 1, 8 %, 6 %, 2378 MiB
2026/09/29 14:19:34.993, 0, 43 %, 12 %, 2378 MiB
2026/09/29 14:19:34.993, 1, 8 %, 6 %, 2378 MiB
2026/09/29 14:19:35.193, 0, 43 %, 12 %, 2378 MiB
2026/09/29 14:19:35.193, 1, 8 %, 6 %, 2378 MiB
2026/09/29 14:19:35.393, 0, 74 %, 27 %, 2378 MiB
2026/09/29 14:19:35.393, 1, 8 %, 6 %, 2378 MiB
2026/09/29 14:19:35.594, 0, 74 %, 27 %, 2378 MiB
2026/09/29 14:19:35.594, 1, 81 %, 21 %, 2378 MiB
2026/09/29 14:19:35.794, 0, 74 %, 27 %, 2378 MiB
2026/09/29 14:19:35.794, 1, 81 %, 21 %, 2378 MiB
2026/09/29 14:19:35.994, 0, 74 %, 27 %, 2378 MiB
2026/09/29 14:19:35.994, 1, 81 %, 21 %, 2378 MiB
2026/09/29 14:19:36.194, 0, 74 %, 27 %, 2378 MiB
2026/09/29 14:19:36.195, 1, 81 %, 21 %, 2378 MiB
2026/09/29 14:19:36.395, 0, 20 %, 1 %, 2378 MiB
2026/09/29 14:19:36.395, 1, 81 %, 21 %, 2378 MiB
2026/09/29 14:19:36.595, 0, 20 %, 1 %, 2378 MiB
2026/09/29 14:19:36.595, 1, 25 %, 10 %, 2378 MiB
2026/09/29 14:19:36.795, 0, 20 %, 1 %, 2378 MiB
2026/09/29 14:19:36.795, 1, 25 %, 10 %, 2378 MiB
2026/09/29 14:19:36.996, 0, 20 %, 1 %, 2378 MiB
2026/09/29 14:19:36.996, 1, 25 %, 10 %, 2378 MiB
2026/09/29 14:19:37.196, 0, 20 %, 1 %, 2378 MiB
2026/09/29 14:19:37.196, 1, 25 %, 10 %, 2378 MiB
2026/09/29 14:19:37.396, 0, 92 %, 28 %, 2378 MiB
2026/09/29 14:19:37.396, 1, 25 %, 10 %, 2378 MiB
2026/09/29 14:19:37.596, 0, 92 %, 28 %, 2378 MiB
2026/09/29 14:19:37.597, 1, 68 %, 20 %, 2378 MiB
2026/09/29 14:19:37.797, 0, 92 %, 28 %, 2378 MiB
2026/09/29 14:19:37.797, 1, 68 %, 20 %, 2378 MiB
2026/09/29 14:19:37.997, 0, 92 %, 28 %, 2378 MiB
2026/09/29 14:19:37.997, 1, 68 %, 20 %, 2378 MiB
2026/09/29 14:19:38.197, 0, 92 %, 28 %, 2378 MiB
2026/09/29 14:19:38.197, 1, 68 %, 20 %, 2378 MiB
2026/09/29 14:19:38.397, 0, 53 %, 16 %, 2378 MiB
2026/09/29 14:19:38.398, 1, 68 %, 20 %, 2378 MiB
2026/09/29 14:19:38.598, 0, 53 %, 16 %, 2378 MiB
2026/09/29 14:19:38.598, 1, 18 %, 10 %, 2378 MiB
2026/09/29 14:19:38.798, 0, 53 %, 16 %, 2378 MiB
2026/09/29 14:19:38.798, 1, 18 %, 10 %, 2378 MiB
2026/09/29 14:19:38.998, 0, 53 %, 16 %, 2378 MiB
2026/09/29 14:19:38.998, 1, 18 %, 10 %, 2378 MiB
2026/09/29 14:19:39.198, 0, 53 %, 16 %, 2378 MiB
2026/09/29 14:19:39.199, 1, 18 %, 10 %, 2378 MiB
2026/09/29 14:19:39.399, 0, 0 %, 0 %, 2378 MiB
2026/09/29 14:19:39.399, 1, 18 %, 10 %, 2378 MiB
2026/09/29 14:19:39.599, 0, 0 %, 0 %, 2378 MiB
2026/09/29 14:19:39.599, 1, 0 %, 0 %, 2374 MiB
2026/09/29 14:19:39.799, 0, 0 %, 0 %, 2374 MiB
2026/09/29 14:19:39.799, 1, 0 %, 0 %, 2374 MiB
2026/09/29 14:19:40.000, 0, 0 %, 0 %, 2374 MiB
2026/09/29 14:19:40.000, 1, 0 %, 0 %, 2374 MiB
2026/09/29 14:19:40.200, 0, 0 %, 0 %, 2374 MiB
2026/09/29 14:19:40.200, 1, 0 %, 0 %, 2374 MiB
2026/09/29 14:19:40.400, 0, 0 %, 0 %, 2374 MiB
2026/09/29 14:19:40.400, 1, 0 %, 0 %, 2374 MiB
2026/09/29 14:19:40.600, 0, 0 %, 0 %, 2374 MiB
2026/09/29 14:19:40.601, 1, 0 %, 0 %, 2374 MiB
2026/09/29 14:19:40.801, 0, 0 %, 0 %, 2374 MiB
2026/09/29 14:19:40.801, 1, 0 %, 0 %, 2374 MiB
2026/09/29 14:19:41.001, 0, 0 %, 0 %, 4 MiB
2026/09/29 14:19:41.001, 1, 0 %, 0 %, 2374 MiB
2026/09/29 14:19:41.201, 0, 0 %, 0 %, 4 MiB
2026/09/29 14:19:41.208, 1, 0 %, 0 %, 4 MiB
2026/09/29 14:19:41.408, 0, 0 %, 0 %, 4 MiB
2026/09/29 14:19:41.408, 1, 0 %, 0 %, 4 MiB
2026/09/29 14:19:41.608, 0, 0 %, 0 %, 4 MiB
2026/09/29 14:19:41.608, 1, 0 %, 0 %, 4 MiB
2026/09/29 14:19:41.808, 0, 0 %, 0 %, 4 MiB
2026/09/29 14:19:41.809, 1, 0 %, 0 %, 4 MiB
2026/09/29 14:19:42.009, 0, 0 %, 0 %, 4 MiB
2026/09/29 14:19:42.009, 1, 0 %, 0 %, 4 MiB
2026/09/29 14:19:42.209, 0, 0 %, 0 %, 4 MiB
2026/09/29 14:19:42.209, 1, 0 %, 0 %, 4 MiB
2026/09/29 14:19:42.409, 0, 0 %, 0 %, 4 MiB
2026/09/29 14:19:42.409, 1, 0 %, 0 %, 4 MiB
2026/09/29 14:19:42.610, 0, 0 %, 0 %, 4 MiB
2026/09/29 14:19:42.610, 1, 0 %, 0 %, 4 MiB
2026/09/29 14:19:42.810, 0, 0 %, 0 %, 4 MiB
2026/09/29 14:19:42.810, 1, 0 %, 0 %, 4 MiB
2026/09/29 14:19:43.010, 0, 0 %, 0 %, 4 MiB
2026/09/29 14:19:43.010, 1, 0 %, 0 %, 4 MiB
2026/09/29 14:19:43.210, 0, 0 %, 0 %, 4 MiB
2026/09/29 14:19:43.211, 1, 0 %, 0 %, 4 MiB
2026/09/29 14:19:43.411, 0, 0 %, 0 %, 4 MiB
2026/09/29 14:19:43.411, 1, 0 %, 0 %, 4 MiB
2026/09/29 14:19:43.611, 0, 0 %, 0 %, 4 MiB
2026/09/29 14:19:43.611, 1, 0 %, 0 %, 4 MiB
2026/09/29 14:19:43.811, 0, 0 %, 0 %, 4 MiB
2026/09/29 14:19:43.811, 1, 0 %, 0 %, 4 MiB
2026/09/29 14:19:44.012, 0, 0 %, 0 %, 4 MiB
2026/09/29 14:19:44.012, 1, 0 %, 0 %, 4 MiB
2026/09/29 14:19:44.212, 0, 0 %, 0 %, 4 MiB
2026/09/29 14:19:44.212, 1, 0 %, 0 %, 4 MiB
2026/09/29 14:19:44.412, 0, 0 %, 0 %, 4 MiB
2026/09/29 14:19:44.412, 1, 0 %, 0 %, 4 MiB
2026/09/29 14:19:44.612, 0, 0 %, 0 %, 4 MiB
2026/09/29 14:19:44.613, 1, 0 %, 0 %, 4 MiB
2026/09/29 14:19:44.813, 0, 0 %, 0 %, 4 MiB
2026/09/29 14:19:44.813, 1, 0 %, 0 %, 4 MiB
2026/09/29 14:19:45.013, 0, 0 %, 0 %, 4 MiB
2026/09/29 14:19:45.013, 1, 0 %, 0 %, 4 MiB
2026/09/29 14:19:45.213, 0, 0 %, 0 %, 4 MiB
2026/09/29 14:19:45.213, 1, 0 %, 0 %, 4 MiB
2026/09/29 14:19:45.414, 0, 0 %, 0 %, 4 MiB
2026/09/29 14:19:45.414, 1, 0 %, 0 %, 4 MiB
2026/09/29 14:19:45.614, 0, 0 %, 0 %, 4 MiB
2026/09/29 14:19:45.614, 1, 0 %, 0 %, 4 MiB
2026/09/29 14:19:45.814, 0, 0 %, 0 %, 4 MiB
2026/09/29 14:19:45.814, 1, 0 %, 0 %, 4 MiB
2026/09/29 14:19:46.014, 0, 0 %, 0 %, 4 MiB
2026/09/29 14:19:46.015, 1, 0 %, 0 %, 4 MiB
2026/09/29 14:19:46.215, 0, 0 %, 0 %, 4 MiB
2026/09/29 14:19:46.215, 1, 0 %, 0 %, 4 MiB
2026/09/29 14:19:46.415, 0, 0 %, 0 %, 4 MiB
2026/09/29 14:19:46.415, 1, 0 %, 0 %, 4 MiB
2026/09/29 14:19:46.615, 0, 0 %, 0 %, 4 MiB
2026/09/29 14:19:46.615, 1, 0 %, 0 %, 4 MiB
2026/09/29 14:19:46.816, 0, 0 %, 0 %, 4 MiB
2026/09/29 14:19:46.816, 1, 0 %, 0 %, 4 MiB
2026/09/29 14:19:47.016, 0, 0 %, 0 %, 4 MiB
2026/09/29 14:19:47.016, 1, 0 %, 0 %, 4 MiB
2026/09/29 14:19:47.216, 0, 0 %, 0 %, 4 MiB
2026/09/29 14:19:47.216, 1, 0 %, 0 %, 4 MiB
2026/09/29 14:19:47.417, 0, 0 %, 0 %, 4 MiB
2026/09/29 14:19:47.417, 1, 0 %, 0 %, 4 MiB
2026/09/29 14:19:47.617, 0, 0 %, 0 %, 4 MiB
2026/09/29 14:19:47.617, 1, 0 %, 0 %, 4 MiB
2026/09/29 14:19:47.817, 0, 0 %, 0 %, 4 MiB
2026/09/29 14:19:47.817, 1, 0 %, 0 %, 4 MiB
2026/09/29 14:19:48.017, 0, 0 %, 0 %, 4 MiB
2026/09/29 14:19:48.017, 1, 0 %, 0 %, 4 MiB
2026/09/29 14:19:48.218, 0, 0 %, 0 %, 4 MiB
2026/09/29 14:19:48.218, 1, 0 %, 0 %, 4 MiB
2026/09/29 14:19:48.418, 0, 0 %, 0 %, 4 MiB
2026/09/29 14:19:48.418, 1, 0 %, 0 %, 4 MiB
2026/09/29 14:19:48.618, 0, 0 %, 0 %, 4 MiB
2026/09/29 14:19:48.618, 1, 0 %, 0 %, 4 MiB
2026/09/29 14:19:48.819, 0, 0 %, 0 %, 4 MiB
2026/09/29 14:19:48.819, 1, 0 %, 0 %, 4 MiB
2026/09/29 14:19:49.019, 0, 0 %, 0 %, 1 MiB
2026/09/29 14:19:49.019, 1, 0 %, 0 %, 1 MiB
2026/09/29 14:19:49.219, 0, 0 %, 0 %, 1 MiB
2026/09/29 14:19:49.219, 1, 0 %, 0 %, 1 MiB
2026/09/29 14:19:49.419, 0, 0 %, 0 %, 1 MiB
2026/09/29 14:19:49.419, 1, 0 %, 0 %, 1 MiB
2026/09/29 14:19:49.620, 0, 0 %, 0 %, 1 MiB
2026/09/29 14:19:49.620, 1, 0 %, 0 %, 1 MiB
2026/09/29 14:19:49.820, 0, 0 %, 0 %, 1 MiB
2026/09/29 14:19:49.820, 1, 0 %, 0 %, 1 MiB
2026/09/29 14:19:50.020, 0, 0 %, 0 %, 1 MiB
2026/09/29 14:19:50.020, 1, 0 %, 0 %, 1 MiB
2026/09/29 14:19:50.220, 0, 0 %, 0 %, 1 MiB
2026/09/29 14:19:50.220, 1, 0 %, 0 %, 1 MiB
2026/09/29 14:19:50.420, 0, 0 %, 0 %, 1 MiB
2026/09/29 14:19:50.421, 1, 0 %, 0 %, 1 MiB
2026/09/29 14:19:50.621, 0, 0 %, 0 %, 1 MiB
2026/09/29 14:19:50.621, 1, 0 %, 0 %, 1 MiB
2026/09/29 14:19:50.821, 0, 0 %, 0 %, 4 MiB
2026/09/29 14:19:50.821, 1, 0 %, 0 %, 1 MiB
2026/09/29 14:19:51.023, 0, 0 %, 0 %, 4 MiB
2026/09/29 14:19:51.029, 1, 0 %, 0 %, 4 MiB
2026/09/29 14:19:51.229, 0, 0 %, 0 %, 340 MiB
2026/09/29 14:19:51.229, 1, 0 %, 0 %, 4 MiB
2026/09/29 14:19:51.429, 0, 5 %, 0 %, 340 MiB
2026/09/29 14:19:51.429, 1, 0 %, 0 %, 270 MiB
2026/09/29 14:19:51.630, 0, 5 %, 0 %, 340 MiB
2026/09/29 14:19:51.630, 1, 5 %, 0 %, 340 MiB
2026/09/29 14:19:51.830, 0, 5 %, 0 %, 340 MiB
2026/09/29 14:19:51.830, 1, 5 %, 0 %, 340 MiB
2026/09/29 14:19:52.030, 0, 5 %, 0 %, 340 MiB
2026/09/29 14:19:52.030, 1, 5 %, 0 %, 340 MiB
2026/09/29 14:19:52.230, 0, 5 %, 0 %, 1 MiB
2026/09/29 14:19:52.243, 1, 5 %, 0 %, 1 MiB
2026/09/29 14:19:52.443, 0, 8 %, 0 %, 1 MiB
2026/09/29 14:19:52.443, 1, 5 %, 0 %, 1 MiB
2026/09/29 14:19:52.644, 0, 8 %, 0 %, 1 MiB
2026/09/29 14:19:52.644, 1, 0 %, 0 %, 1 MiB
2026/09/29 14:19:52.844, 0, 8 %, 0 %, 1 MiB
2026/09/29 14:19:52.844, 1, 0 %, 0 %, 1 MiB
2026/09/29 14:19:53.044, 0, 8 %, 0 %, 1 MiB
2026/09/29 14:19:53.044, 1, 0 %, 0 %, 1 MiB
2026/09/29 14:19:53.244, 0, 8 %, 0 %, 1 MiB
2026/09/29 14:19:53.245, 1, 0 %, 0 %, 1 MiB
2026/09/29 14:19:53.445, 0, 0 %, 0 %, 1 MiB
2026/09/29 14:19:53.445, 1, 0 %, 0 %, 1 MiB
2026/09/29 14:19:53.645, 0, 0 %, 0 %, 1 MiB
2026/09/29 14:19:53.645, 1, 0 %, 0 %, 1 MiB
2026/09/29 14:19:53.845, 0, 0 %, 0 %, 2 MiB
2026/09/29 14:19:53.847, 1, 0 %, 0 %, 1 MiB
2026/09/29 14:19:54.047, 0, 0 %, 0 %, 20 MiB
2026/09/29 14:19:54.047, 1, 0 %, 0 %, 4 MiB
2026/09/29 14:19:54.247, 0, 0 %, 0 %, 288 MiB
2026/09/29 14:19:54.248, 1, 0 %, 0 %, 266 MiB
2026/09/29 14:19:54.489, 0, 0 %, 0 %, 288 MiB
2026/09/29 14:19:54.489, 1, 0 %, 0 %, 288 MiB
2026/09/29 14:19:54.689, 0, 0 %, 0 %, 288 MiB
2026/09/29 14:19:54.689, 1, 0 %, 0 %, 288 MiB
2026/09/29 14:19:54.889, 0, 0 %, 0 %, 288 MiB
2026/09/29 14:19:54.889, 1, 0 %, 0 %, 288 MiB
2026/09/29 14:19:55.090, 0, 0 %, 0 %, 1 MiB
2026/09/29 14:19:55.104, 1, 0 %, 0 %, 1 MiB
2026/09/29 14:19:55.304, 0, 0 %, 0 %, 1 MiB
2026/09/29 14:19:55.304, 1, 0 %, 0 %, 1 MiB
2026/09/29 14:19:55.504, 0, 0 %, 0 %, 2 MiB
2026/09/29 14:19:55.505, 1, 0 %, 0 %, 1 MiB
2026/09/29 14:19:55.705, 0, 0 %, 0 %, 4 MiB
2026/09/29 14:19:55.705, 1, 0 %, 0 %, 1 MiB
2026/09/29 14:19:55.905, 0, 0 %, 0 %, 4 MiB
2026/09/29 14:19:55.906, 1, 0 %, 0 %, 1 MiB
2026/09/29 14:19:56.106, 0, 0 %, 0 %, 4 MiB
2026/09/29 14:19:56.107, 1, 0 %, 0 %, 1 MiB
2026/09/29 14:19:56.307, 0, 0 %, 0 %, 4 MiB
2026/09/29 14:19:56.307, 1, 0 %, 0 %, 1 MiB
2026/09/29 14:19:56.508, 0, 0 %, 0 %, 4 MiB
2026/09/29 14:19:56.508, 1, 0 %, 0 %, 1 MiB
2026/09/29 14:19:56.708, 0, 0 %, 0 %, 4 MiB
2026/09/29 14:19:56.708, 1, 0 %, 0 %, 1 MiB
2026/09/29 14:19:56.908, 0, 0 %, 0 %, 4 MiB
2026/09/29 14:19:56.908, 1, 0 %, 0 %, 1 MiB
2026/09/29 14:19:57.108, 0, 0 %, 0 %, 4 MiB
2026/09/29 14:19:57.109, 1, 0 %, 0 %, 1 MiB
2026/09/29 14:19:57.309, 0, 0 %, 0 %, 4 MiB
2026/09/29 14:19:57.309, 1, 0 %, 0 %, 1 MiB
2026/09/29 14:19:57.509, 0, 0 %, 0 %, 4 MiB
2026/09/29 14:19:57.509, 1, 0 %, 0 %, 1 MiB
2026/09/29 14:19:57.709, 0, 0 %, 0 %, 4 MiB
2026/09/29 14:19:57.709, 1, 0 %, 0 %, 1 MiB
2026/09/29 14:19:57.910, 0, 0 %, 0 %, 4 MiB
2026/09/29 14:19:57.910, 1, 0 %, 0 %, 1 MiB
2026/09/29 14:19:58.110, 0, 0 %, 0 %, 4 MiB
2026/09/29 14:19:58.110, 1, 0 %, 0 %, 1 MiB
2026/09/29 14:19:58.310, 0, 0 %, 0 %, 4 MiB
2026/09/29 14:19:58.310, 1, 0 %, 0 %, 1 MiB
2026/09/29 14:19:58.510, 0, 0 %, 0 %, 4 MiB
2026/09/29 14:19:58.510, 1, 0 %, 0 %, 1 MiB
2026/09/29 14:19:58.711, 0, 0 %, 0 %, 4 MiB
2026/09/29 14:19:58.711, 1, 0 %, 0 %, 1 MiB
2026/09/29 14:19:58.911, 0, 0 %, 0 %, 4 MiB
2026/09/29 14:19:58.911, 1, 0 %, 0 %, 1 MiB
2026/09/29 14:19:59.111, 0, 0 %, 0 %, 4 MiB
2026/09/29 14:19:59.111, 1, 0 %, 0 %, 1 MiB
2026/09/29 14:19:59.311, 0, 0 %, 0 %, 4 MiB
2026/09/29 14:19:59.311, 1, 0 %, 0 %, 1 MiB
2026/09/29 14:19:59.512, 0, 0 %, 0 %, 4 MiB
2026/09/29 14:19:59.512, 1, 0 %, 0 %, 1 MiB
2026/09/29 14:19:59.712, 0, 0 %, 0 %, 4 MiB
2026/09/29 14:19:59.712, 1, 0 %, 0 %, 1 MiB
2026/09/29 14:19:59.912, 0, 0 %, 0 %, 4 MiB
2026/09/29 14:19:59.912, 1, 0 %, 0 %, 1 MiB
2026/09/29 14:20:00.112, 0, 0 %, 0 %, 4 MiB
2026/09/29 14:20:00.112, 1, 0 %, 0 %, 1 MiB
2026/09/29 14:20:00.313, 0, 0 %, 0 %, 4 MiB
2026/09/29 14:20:00.313, 1, 0 %, 0 %, 1 MiB
2026/09/29 14:20:00.513, 0, 0 %, 0 %, 4 MiB
2026/09/29 14:20:00.513, 1, 0 %, 0 %, 1 MiB
2026/09/29 14:20:00.713, 0, 0 %, 0 %, 4 MiB
2026/09/29 14:20:00.713, 1, 0 %, 0 %, 1 MiB
2026/09/29 14:20:00.913, 0, 0 %, 0 %, 4 MiB
2026/09/29 14:20:00.913, 1, 0 %, 0 %, 1 MiB
2026/09/29 14:20:01.114, 0, 0 %, 0 %, 19 MiB
2026/09/29 14:20:01.114, 1, 0 %, 0 %, 1 MiB
2026/09/29 14:20:01.315, 0, 0 %, 0 %, 294 MiB
2026/09/29 14:20:01.315, 1, 0 %, 0 %, 1 MiB
2026/09/29 14:20:01.515, 0, 2 %, 0 %, 366 MiB
2026/09/29 14:20:01.516, 1, 0 %, 0 %, 1 MiB
2026/09/29 14:20:01.716, 0, 2 %, 0 %, 592 MiB
2026/09/29 14:20:01.716, 1, 0 %, 0 %, 1 MiB
2026/09/29 14:20:01.916, 0, 2 %, 0 %, 594 MiB
2026/09/29 14:20:01.916, 1, 0 %, 0 %, 1 MiB
2026/09/29 14:20:02.116, 0, 2 %, 0 %, 666 MiB
2026/09/29 14:20:02.116, 1, 0 %, 0 %, 1 MiB
2026/09/29 14:20:02.317, 0, 2 %, 0 %, 830 MiB
2026/09/29 14:20:02.317, 1, 0 %, 0 %, 1 MiB
2026/09/29 14:20:02.517, 0, 3 %, 0 %, 996 MiB
2026/09/29 14:20:02.517, 1, 0 %, 0 %, 1 MiB
2026/09/29 14:20:02.718, 0, 3 %, 0 %, 1234 MiB
2026/09/29 14:20:02.718, 1, 0 %, 0 %, 1 MiB
2026/09/29 14:20:02.918, 0, 3 %, 0 %, 3612 MiB
2026/09/29 14:20:02.918, 1, 0 %, 0 %, 1 MiB
2026/09/29 14:20:03.118, 0, 3 %, 0 %, 4550 MiB
2026/09/29 14:20:03.118, 1, 0 %, 0 %, 1 MiB
2026/09/29 14:20:03.319, 0, 3 %, 0 %, 4552 MiB
2026/09/29 14:20:03.319, 1, 0 %, 0 %, 1 MiB
2026/09/29 14:20:03.519, 0, 94 %, 52 %, 4552 MiB
2026/09/29 14:20:03.519, 1, 0 %, 0 %, 1 MiB
2026/09/29 14:20:03.719, 0, 94 %, 52 %, 4552 MiB
2026/09/29 14:20:03.719, 1, 0 %, 0 %, 1 MiB
2026/09/29 14:20:03.920, 0, 94 %, 52 %, 4552 MiB
2026/09/29 14:20:03.920, 1, 0 %, 0 %, 1 MiB
2026/09/29 14:20:04.120, 0, 94 %, 52 %, 4552 MiB
2026/09/29 14:20:04.120, 1, 0 %, 0 %, 1 MiB
2026/09/29 14:20:04.321, 0, 94 %, 52 %, 4552 MiB
2026/09/29 14:20:04.321, 1, 0 %, 0 %, 1 MiB
2026/09/29 14:20:04.521, 0, 100 %, 47 %, 4552 MiB
2026/09/29 14:20:04.521, 1, 0 %, 0 %, 1 MiB
2026/09/29 14:20:04.721, 0, 100 %, 47 %, 4552 MiB
2026/09/29 14:20:04.722, 1, 0 %, 0 %, 1 MiB
2026/09/29 14:20:04.922, 0, 100 %, 47 %, 4552 MiB
2026/09/29 14:20:04.922, 1, 0 %, 0 %, 1 MiB
2026/09/29 14:20:05.122, 0, 100 %, 47 %, 4552 MiB
2026/09/29 14:20:05.122, 1, 0 %, 0 %, 1 MiB
2026/09/29 14:20:05.322, 0, 100 %, 47 %, 4552 MiB
2026/09/29 14:20:05.322, 1, 0 %, 0 %, 1 MiB
2026/09/29 14:20:05.523, 0, 98 %, 47 %, 4552 MiB
2026/09/29 14:20:05.523, 1, 0 %, 0 %, 1 MiB
2026/09/29 14:20:05.723, 0, 98 %, 47 %, 4552 MiB
2026/09/29 14:20:05.723, 1, 0 %, 0 %, 1 MiB
2026/09/29 14:20:05.923, 0, 98 %, 47 %, 4552 MiB
2026/09/29 14:20:05.923, 1, 0 %, 0 %, 1 MiB
2026/09/29 14:20:06.124, 0, 98 %, 47 %, 4552 MiB
2026/09/29 14:20:06.124, 1, 0 %, 0 %, 1 MiB
2026/09/29 14:20:06.324, 0, 98 %, 47 %, 4552 MiB
2026/09/29 14:20:06.324, 1, 0 %, 0 %, 1 MiB
2026/09/29 14:20:06.524, 0, 98 %, 53 %, 4552 MiB
2026/09/29 14:20:06.524, 1, 0 %, 0 %, 1 MiB
2026/09/29 14:20:06.724, 0, 98 %, 53 %, 4552 MiB
2026/09/29 14:20:06.725, 1, 0 %, 0 %, 1 MiB
2026/09/29 14:20:06.925, 0, 98 %, 53 %, 4552 MiB
2026/09/29 14:20:06.925, 1, 0 %, 0 %, 1 MiB
2026/09/29 14:20:07.125, 0, 98 %, 53 %, 4552 MiB
2026/09/29 14:20:07.125, 1, 0 %, 0 %, 1 MiB
2026/09/29 14:20:07.325, 0, 98 %, 53 %, 4552 MiB
2026/09/29 14:20:07.325, 1, 0 %, 0 %, 1 MiB
2026/09/29 14:20:07.526, 0, 100 %, 46 %, 4552 MiB
2026/09/29 14:20:07.526, 1, 0 %, 0 %, 1 MiB
2026/09/29 14:20:07.726, 0, 100 %, 46 %, 4552 MiB
2026/09/29 14:20:07.726, 1, 0 %, 0 %, 1 MiB
2026/09/29 14:20:07.926, 0, 100 %, 46 %, 4552 MiB
2026/09/29 14:20:07.926, 1, 0 %, 0 %, 1 MiB
2026/09/29 14:20:08.126, 0, 100 %, 46 %, 4552 MiB
2026/09/29 14:20:08.127, 1, 0 %, 0 %, 1 MiB
2026/09/29 14:20:08.327, 0, 100 %, 46 %, 4552 MiB
2026/09/29 14:20:08.327, 1, 0 %, 0 %, 1 MiB
2026/09/29 14:20:08.527, 0, 98 %, 47 %, 4552 MiB
2026/09/29 14:20:08.527, 1, 0 %, 0 %, 1 MiB
2026/09/29 14:20:08.727, 0, 98 %, 47 %, 4552 MiB
2026/09/29 14:20:08.727, 1, 0 %, 0 %, 1 MiB
2026/09/29 14:20:08.928, 0, 98 %, 47 %, 4552 MiB
2026/09/29 14:20:08.928, 1, 0 %, 0 %, 1 MiB
2026/09/29 14:20:09.128, 0, 98 %, 47 %, 4552 MiB
2026/09/29 14:20:09.128, 1, 0 %, 0 %, 1 MiB
2026/09/29 14:20:09.328, 0, 98 %, 47 %, 4552 MiB
2026/09/29 14:20:09.328, 1, 0 %, 0 %, 1 MiB
2026/09/29 14:20:09.528, 0, 98 %, 52 %, 4552 MiB
2026/09/29 14:20:09.529, 1, 0 %, 0 %, 1 MiB
2026/09/29 14:20:09.729, 0, 98 %, 52 %, 4552 MiB
2026/09/29 14:20:09.729, 1, 0 %, 0 %, 1 MiB
2026/09/29 14:20:09.929, 0, 98 %, 52 %, 4552 MiB
2026/09/29 14:20:09.929, 1, 0 %, 0 %, 1 MiB
2026/09/29 14:20:10.129, 0, 98 %, 52 %, 4552 MiB
2026/09/29 14:20:10.129, 1, 0 %, 0 %, 1 MiB
2026/09/29 14:20:10.330, 0, 98 %, 52 %, 4552 MiB
2026/09/29 14:20:10.330, 1, 0 %, 0 %, 1 MiB
2026/09/29 14:20:10.530, 0, 100 %, 47 %, 4552 MiB
2026/09/29 14:20:10.530, 1, 0 %, 0 %, 1 MiB
2026/09/29 14:20:10.730, 0, 100 %, 47 %, 4552 MiB
2026/09/29 14:20:10.730, 1, 0 %, 0 %, 1 MiB
2026/09/29 14:20:10.931, 0, 100 %, 47 %, 4552 MiB
2026/09/29 14:20:10.931, 1, 0 %, 0 %, 1 MiB
2026/09/29 14:20:11.131, 0, 100 %, 47 %, 4552 MiB
2026/09/29 14:20:11.131, 1, 0 %, 0 %, 1 MiB
2026/09/29 14:20:11.331, 0, 100 %, 47 %, 4552 MiB
2026/09/29 14:20:11.331, 1, 0 %, 0 %, 1 MiB
2026/09/29 14:20:11.532, 0, 98 %, 49 %, 4552 MiB
2026/09/29 14:20:11.532, 1, 0 %, 0 %, 1 MiB
2026/09/29 14:20:11.732, 0, 98 %, 49 %, 4552 MiB
2026/09/29 14:20:11.732, 1, 0 %, 0 %, 1 MiB
2026/09/29 14:20:11.933, 0, 98 %, 49 %, 4552 MiB
2026/09/29 14:20:11.933, 1, 0 %, 0 %, 1 MiB
2026/09/29 14:20:12.133, 0, 98 %, 49 %, 4552 MiB
2026/09/29 14:20:12.133, 1, 0 %, 0 %, 1 MiB
2026/09/29 14:20:12.333, 0, 98 %, 49 %, 4552 MiB
2026/09/29 14:20:12.333, 1, 0 %, 0 %, 1 MiB
2026/09/29 14:20:12.534, 0, 98 %, 50 %, 4552 MiB
2026/09/29 14:20:12.534, 1, 0 %, 0 %, 1 MiB
2026/09/29 14:20:12.734, 0, 98 %, 50 %, 4552 MiB
2026/09/29 14:20:12.734, 1, 0 %, 0 %, 1 MiB
2026/09/29 14:20:12.934, 0, 98 %, 50 %, 4552 MiB
2026/09/29 14:20:12.934, 1, 0 %, 0 %, 1 MiB
2026/09/29 14:20:13.135, 0, 98 %, 50 %, 4552 MiB
2026/09/29 14:20:13.135, 1, 0 %, 0 %, 1 MiB
2026/09/29 14:20:13.335, 0, 98 %, 50 %, 4552 MiB
2026/09/29 14:20:13.335, 1, 0 %, 0 %, 1 MiB
2026/09/29 14:20:13.535, 0, 98 %, 45 %, 4552 MiB
2026/09/29 14:20:13.535, 1, 0 %, 0 %, 1 MiB
2026/09/29 14:20:13.736, 0, 98 %, 45 %, 4552 MiB
2026/09/29 14:20:13.736, 1, 0 %, 0 %, 1 MiB
2026/09/29 14:20:13.936, 0, 98 %, 45 %, 4552 MiB
2026/09/29 14:20:13.936, 1, 0 %, 0 %, 1 MiB
2026/09/29 14:20:14.136, 0, 98 %, 45 %, 4552 MiB
2026/09/29 14:20:14.136, 1, 0 %, 0 %, 1 MiB
2026/09/29 14:20:14.336, 0, 98 %, 45 %, 4552 MiB
2026/09/29 14:20:14.337, 1, 0 %, 0 %, 1 MiB
2026/09/29 14:20:14.537, 0, 85 %, 44 %, 4552 MiB
2026/09/29 14:20:14.537, 1, 0 %, 0 %, 1 MiB
2026/09/29 14:20:14.737, 0, 85 %, 44 %, 4552 MiB
2026/09/29 14:20:14.737, 1, 0 %, 0 %, 1 MiB
2026/09/29 14:20:14.938, 0, 85 %, 44 %, 4552 MiB
2026/09/29 14:20:14.938, 1, 0 %, 0 %, 1 MiB
2026/09/29 14:20:15.138, 0, 85 %, 44 %, 4552 MiB
2026/09/29 14:20:15.138, 1, 0 %, 0 %, 1 MiB
2026/09/29 14:20:15.338, 0, 85 %, 44 %, 4552 MiB
2026/09/29 14:20:15.338, 1, 0 %, 0 %, 1 MiB
2026/09/29 14:20:15.538, 0, 0 %, 0 %, 4552 MiB
2026/09/29 14:20:15.539, 1, 0 %, 0 %, 1 MiB
2026/09/29 14:20:15.739, 0, 0 %, 0 %, 4344 MiB
2026/09/29 14:20:15.739, 1, 0 %, 0 %, 1 MiB
2026/09/29 14:20:15.939, 0, 0 %, 0 %, 4344 MiB
2026/09/29 14:20:15.939, 1, 0 %, 0 %, 1 MiB
2026/09/29 14:20:16.139, 0, 0 %, 0 %, 4344 MiB
2026/09/29 14:20:16.140, 1, 0 %, 0 %, 1 MiB
2026/09/29 14:20:16.340, 0, 0 %, 0 %, 4344 MiB
2026/09/29 14:20:16.340, 1, 0 %, 0 %, 1 MiB
2026/09/29 14:20:16.540, 0, 0 %, 0 %, 4278 MiB
2026/09/29 14:20:16.540, 1, 0 %, 0 %, 1 MiB
2026/09/29 14:20:16.740, 0, 0 %, 0 %, 4278 MiB
2026/09/29 14:20:16.740, 1, 0 %, 0 %, 1 MiB
2026/09/29 14:20:16.941, 0, 0 %, 0 %, 4278 MiB
2026/09/29 14:20:16.941, 1, 0 %, 0 %, 1 MiB
2026/09/29 14:20:17.141, 0, 0 %, 0 %, 4 MiB
2026/09/29 14:20:17.141, 1, 0 %, 0 %, 1 MiB
2026/09/29 14:20:17.341, 0, 0 %, 0 %, 4 MiB
2026/09/29 14:20:17.341, 1, 0 %, 0 %, 1 MiB
2026/09/29 14:20:17.542, 0, 0 %, 0 %, 4 MiB
2026/09/29 14:20:17.542, 1, 0 %, 0 %, 1 MiB
2026/09/29 14:20:17.742, 0, 0 %, 0 %, 4 MiB
2026/09/29 14:20:17.742, 1, 0 %, 0 %, 1 MiB
2026/09/29 14:20:17.942, 0, 0 %, 0 %, 4 MiB
2026/09/29 14:20:17.942, 1, 0 %, 0 %, 1 MiB
2026/09/29 14:20:18.142, 0, 0 %, 0 %, 4 MiB
2026/09/29 14:20:18.143, 1, 0 %, 0 %, 1 MiB
2026/09/29 14:20:18.343, 0, 0 %, 0 %, 4 MiB
2026/09/29 14:20:18.343, 1, 0 %, 0 %, 1 MiB
2026/09/29 14:20:18.543, 0, 0 %, 0 %, 4 MiB
2026/09/29 14:20:18.544, 1, 0 %, 0 %, 1 MiB
2026/09/29 14:20:18.744, 0, 0 %, 0 %, 4 MiB
2026/09/29 14:20:18.744, 1, 0 %, 0 %, 1 MiB
2026/09/29 14:20:18.944, 0, 0 %, 0 %, 4 MiB
2026/09/29 14:20:18.944, 1, 0 %, 0 %, 1 MiB
2026/09/29 14:20:19.144, 0, 0 %, 0 %, 4 MiB
2026/09/29 14:20:19.144, 1, 0 %, 0 %, 1 MiB
2026/09/29 14:20:19.345, 0, 0 %, 0 %, 4 MiB
2026/09/29 14:20:19.345, 1, 0 %, 0 %, 1 MiB
2026/09/29 14:20:19.545, 0, 0 %, 0 %, 4 MiB
2026/09/29 14:20:19.545, 1, 0 %, 0 %, 1 MiB
2026/09/29 14:20:19.745, 0, 0 %, 0 %, 4 MiB
2026/09/29 14:20:19.745, 1, 0 %, 0 %, 1 MiB
2026/09/29 14:20:19.945, 0, 0 %, 0 %, 4 MiB
2026/09/29 14:20:19.946, 1, 0 %, 0 %, 1 MiB
2026/09/29 14:20:20.146, 0, 0 %, 0 %, 4 MiB
2026/09/29 14:20:20.146, 1, 0 %, 0 %, 1 MiB
2026/09/29 14:20:20.346, 0, 0 %, 0 %, 4 MiB
2026/09/29 14:20:20.346, 1, 0 %, 0 %, 1 MiB
2026/09/29 14:20:20.546, 0, 0 %, 0 %, 4 MiB
2026/09/29 14:20:20.546, 1, 0 %, 0 %, 1 MiB
2026/09/29 14:20:20.747, 0, 0 %, 0 %, 4 MiB
2026/09/29 14:20:20.747, 1, 0 %, 0 %, 1 MiB
2026/09/29 14:20:20.947, 0, 0 %, 0 %, 4 MiB
2026/09/29 14:20:20.947, 1, 0 %, 0 %, 1 MiB
2026/09/29 14:20:21.147, 0, 0 %, 0 %, 4 MiB
2026/09/29 14:20:21.147, 1, 0 %, 0 %, 1 MiB
2026/09/29 14:20:21.347, 0, 0 %, 0 %, 4 MiB
2026/09/29 14:20:21.348, 1, 0 %, 0 %, 1 MiB
2026/09/29 14:20:21.548, 0, 0 %, 0 %, 4 MiB
2026/09/29 14:20:21.548, 1, 0 %, 0 %, 1 MiB
2026/09/29 14:20:21.748, 0, 0 %, 0 %, 4 MiB
2026/09/29 14:20:21.748, 1, 0 %, 0 %, 1 MiB
2026/09/29 14:20:21.948, 0, 0 %, 0 %, 4 MiB
2026/09/29 14:20:21.948, 1, 0 %, 0 %, 1 MiB
2026/09/29 14:20:22.149, 0, 0 %, 0 %, 4 MiB
2026/09/29 14:20:22.149, 1, 0 %, 0 %, 1 MiB
2026/09/29 14:20:22.349, 0, 0 %, 0 %, 4 MiB
2026/09/29 14:20:22.349, 1, 0 %, 0 %, 1 MiB
2026/09/29 14:20:22.550, 0, 0 %, 0 %, 4 MiB
2026/09/29 14:20:22.550, 1, 0 %, 0 %, 1 MiB
2026/09/29 14:20:22.750, 0, 0 %, 0 %, 4 MiB
2026/09/29 14:20:22.750, 1, 0 %, 0 %, 1 MiB
2026/09/29 14:20:22.950, 0, 0 %, 0 %, 4 MiB
2026/09/29 14:20:22.950, 1, 0 %, 0 %, 1 MiB
2026/09/29 14:20:23.151, 0, 0 %, 0 %, 4 MiB
2026/09/29 14:20:23.151, 1, 0 %, 0 %, 1 MiB
2026/09/29 14:20:23.351, 0, 0 %, 0 %, 4 MiB
2026/09/29 14:20:23.351, 1, 0 %, 0 %, 1 MiB
2026/09/29 14:20:23.551, 0, 0 %, 0 %, 4 MiB
2026/09/29 14:20:23.551, 1, 0 %, 0 %, 1 MiB
2026/09/29 14:20:23.752, 0, 0 %, 0 %, 4 MiB
2026/09/29 14:20:23.752, 1, 0 %, 0 %, 1 MiB
2026/09/29 14:20:23.952, 0, 0 %, 0 %, 4 MiB
2026/09/29 14:20:23.952, 1, 0 %, 0 %, 1 MiB
2026/09/29 14:20:24.152, 0, 0 %, 0 %, 4 MiB
2026/09/29 14:20:24.152, 1, 0 %, 0 %, 1 MiB
2026/09/29 14:20:24.352, 0, 0 %, 0 %, 4 MiB
2026/09/29 14:20:24.353, 1, 0 %, 0 %, 1 MiB
2026/09/29 14:20:24.553, 0, 0 %, 0 %, 4 MiB
2026/09/29 14:20:24.553, 1, 0 %, 0 %, 1 MiB
2026/09/29 14:20:24.753, 0, 0 %, 0 %, 4 MiB
2026/09/29 14:20:24.753, 1, 0 %, 0 %, 1 MiB
2026/09/29 14:20:24.953, 0, 0 %, 0 %, 4 MiB
2026/09/29 14:20:24.953, 1, 0 %, 0 %, 1 MiB
2026/09/29 14:20:25.154, 0, 0 %, 0 %, 4 MiB
2026/09/29 14:20:25.154, 1, 0 %, 0 %, 1 MiB
2026/09/29 14:20:25.354, 0, 0 %, 0 %, 4 MiB
2026/09/29 14:20:25.354, 1, 0 %, 0 %, 1 MiB
2026/09/29 14:20:25.554, 0, 0 %, 0 %, 4 MiB
2026/09/29 14:20:25.554, 1, 0 %, 0 %, 1 MiB
2026/09/29 14:20:25.754, 0, 0 %, 0 %, 4 MiB
2026/09/29 14:20:25.755, 1, 0 %, 0 %, 1 MiB
2026/09/29 14:20:25.955, 0, 0 %, 0 %, 4 MiB
2026/09/29 14:20:25.955, 1, 0 %, 0 %, 1 MiB
2026/09/29 14:20:26.155, 0, 0 %, 0 %, 4 MiB
2026/09/29 14:20:26.155, 1, 0 %, 0 %, 1 MiB
2026/09/29 14:20:26.355, 0, 0 %, 0 %, 4 MiB
2026/09/29 14:20:26.355, 1, 0 %, 0 %, 1 MiB
2026/09/29 14:20:26.556, 0, 0 %, 0 %, 4 MiB
2026/09/29 14:20:26.556, 1, 0 %, 0 %, 1 MiB
2026/09/29 14:20:26.756, 0, 0 %, 0 %, 4 MiB
2026/09/29 14:20:26.756, 1, 0 %, 0 %, 1 MiB
2026/09/29 14:20:26.956, 0, 0 %, 0 %, 4 MiB
2026/09/29 14:20:26.956, 1, 0 %, 0 %, 1 MiB
2026/09/29 14:20:27.156, 0, 0 %, 0 %, 4 MiB
2026/09/29 14:20:27.157, 1, 0 %, 0 %, 1 MiB
2026/09/29 14:20:27.357, 0, 0 %, 0 %, 4 MiB
2026/09/29 14:20:27.357, 1, 0 %, 0 %, 1 MiB
2026/09/29 14:20:27.557, 0, 0 %, 0 %, 4 MiB
2026/09/29 14:20:27.557, 1, 0 %, 0 %, 1 MiB
2026/09/29 14:20:27.757, 0, 0 %, 0 %, 4 MiB
2026/09/29 14:20:27.757, 1, 0 %, 0 %, 1 MiB
2026/09/29 14:20:27.958, 0, 0 %, 0 %, 4 MiB
2026/09/29 14:20:27.961, 1, 0 %, 0 %, 1 MiB
2026/09/29 14:20:28.161, 0, 0 %, 0 %, 1 MiB
2026/09/29 14:20:28.162, 1, 0 %, 0 %, 1 MiB
2026/09/29 14:20:28.362, 0, 0 %, 0 %, 1 MiB
2026/09/29 14:20:28.391, 1, 0 %, 0 %, 1 MiB
2026/09/29 14:20:28.591, 0, 0 %, 0 %, 4 MiB
2026/09/29 14:20:28.591, 1, 0 %, 0 %, 4 MiB
2026/09/29 14:20:28.791, 0, 0 %, 0 %, 4 MiB
2026/09/29 14:20:28.792, 1, 0 %, 0 %, 4 MiB
2026/09/29 14:20:28.992, 0, 0 %, 0 %, 4 MiB
2026/09/29 14:20:28.993, 1, 0 %, 0 %, 4 MiB
2026/09/29 14:20:29.193, 0, 0 %, 0 %, 4 MiB
2026/09/29 14:20:29.194, 1, 0 %, 0 %, 4 MiB
2026/09/29 14:20:29.394, 0, 0 %, 0 %, 4 MiB
2026/09/29 14:20:29.394, 1, 0 %, 0 %, 4 MiB
2026/09/29 14:20:29.594, 0, 0 %, 0 %, 4 MiB
2026/09/29 14:20:29.594, 1, 0 %, 0 %, 4 MiB
2026/09/29 14:20:29.795, 0, 0 %, 0 %, 4 MiB
2026/09/29 14:20:29.795, 1, 0 %, 0 %, 4 MiB
2026/09/29 14:20:29.995, 0, 0 %, 0 %, 4 MiB
2026/09/29 14:20:29.995, 1, 0 %, 0 %, 4 MiB
2026/09/29 14:20:30.195, 0, 0 %, 0 %, 4 MiB
2026/09/29 14:20:30.195, 1, 0 %, 0 %, 4 MiB
2026/09/29 14:20:30.395, 0, 0 %, 0 %, 4 MiB
2026/09/29 14:20:30.396, 1, 0 %, 0 %, 4 MiB
2026/09/29 14:20:30.596, 0, 0 %, 0 %, 4 MiB
2026/09/29 14:20:30.596, 1, 0 %, 0 %, 4 MiB
2026/09/29 14:20:30.796, 0, 0 %, 0 %, 4 MiB
2026/09/29 14:20:30.796, 1, 0 %, 0 %, 4 MiB
2026/09/29 14:20:30.996, 0, 0 %, 0 %, 4 MiB
2026/09/29 14:20:30.996, 1, 0 %, 0 %, 4 MiB
2026/09/29 14:20:31.197, 0, 0 %, 0 %, 4 MiB
2026/09/29 14:20:31.197, 1, 0 %, 0 %, 4 MiB
2026/09/29 14:20:31.397, 0, 0 %, 0 %, 4 MiB
2026/09/29 14:20:31.397, 1, 0 %, 0 %, 4 MiB
2026/09/29 14:20:31.597, 0, 0 %, 0 %, 4 MiB
2026/09/29 14:20:31.597, 1, 0 %, 0 %, 4 MiB
2026/09/29 14:20:31.797, 0, 0 %, 0 %, 4 MiB
2026/09/29 14:20:31.798, 1, 0 %, 0 %, 4 MiB
2026/09/29 14:20:31.998, 0, 0 %, 0 %, 4 MiB
2026/09/29 14:20:31.998, 1, 0 %, 0 %, 4 MiB
2026/09/29 14:20:32.198, 0, 0 %, 0 %, 4 MiB
2026/09/29 14:20:32.198, 1, 0 %, 0 %, 4 MiB
2026/09/29 14:20:32.398, 0, 0 %, 0 %, 4 MiB
2026/09/29 14:20:32.398, 1, 0 %, 0 %, 4 MiB
2026/09/29 14:20:32.599, 0, 0 %, 0 %, 4 MiB
2026/09/29 14:20:32.599, 1, 0 %, 0 %, 4 MiB
2026/09/29 14:20:32.799, 0, 0 %, 0 %, 4 MiB
2026/09/29 14:20:32.799, 1, 0 %, 0 %, 4 MiB
2026/09/29 14:20:33.000, 0, 0 %, 0 %, 4 MiB
2026/09/29 14:20:33.000, 1, 0 %, 0 %, 4 MiB
2026/09/29 14:20:33.200, 0, 0 %, 0 %, 4 MiB
2026/09/29 14:20:33.200, 1, 0 %, 0 %, 4 MiB
2026/09/29 14:20:33.400, 0, 0 %, 0 %, 4 MiB
2026/09/29 14:20:33.400, 1, 0 %, 0 %, 4 MiB
2026/09/29 14:20:33.601, 0, 0 %, 0 %, 4 MiB
2026/09/29 14:20:33.601, 1, 0 %, 0 %, 4 MiB
2026/09/29 14:20:33.801, 0, 0 %, 0 %, 4 MiB
2026/09/29 14:20:33.801, 1, 0 %, 0 %, 4 MiB
2026/09/29 14:20:34.001, 0, 0 %, 0 %, 4 MiB
2026/09/29 14:20:34.001, 1, 0 %, 0 %, 4 MiB
2026/09/29 14:20:34.202, 0, 0 %, 0 %, 4 MiB
2026/09/29 14:20:34.202, 1, 0 %, 0 %, 4 MiB
2026/09/29 14:20:34.402, 0, 0 %, 0 %, 4 MiB
2026/09/29 14:20:34.402, 1, 0 %, 0 %, 4 MiB
2026/09/29 14:20:34.602, 0, 0 %, 0 %, 4 MiB
2026/09/29 14:20:34.602, 1, 0 %, 0 %, 4 MiB
2026/09/29 14:20:34.802, 0, 0 %, 0 %, 4 MiB
2026/09/29 14:20:34.803, 1, 0 %, 0 %, 4 MiB
2026/09/29 14:20:35.003, 0, 0 %, 0 %, 4 MiB
2026/09/29 14:20:35.003, 1, 0 %, 0 %, 4 MiB
2026/09/29 14:20:35.203, 0, 0 %, 0 %, 4 MiB
2026/09/29 14:20:35.219, 1, 0 %, 0 %, 19 MiB
2026/09/29 14:20:35.420, 0, 1 %, 0 %, 294 MiB
2026/09/29 14:20:35.421, 1, 0 %, 0 %, 294 MiB
2026/09/29 14:20:35.621, 0, 1 %, 0 %, 366 MiB
2026/09/29 14:20:35.621, 1, 0 %, 0 %, 366 MiB
2026/09/29 14:20:35.821, 0, 1 %, 0 %, 514 MiB
2026/09/29 14:20:35.822, 1, 0 %, 0 %, 514 MiB
2026/09/29 14:20:36.022, 0, 1 %, 0 %, 516 MiB
2026/09/29 14:20:36.022, 1, 0 %, 0 %, 516 MiB
2026/09/29 14:20:36.222, 0, 1 %, 0 %, 588 MiB
2026/09/29 14:20:36.222, 1, 0 %, 0 %, 588 MiB
2026/09/29 14:20:36.423, 0, 2 %, 0 %, 668 MiB
2026/09/29 14:20:36.423, 1, 0 %, 0 %, 712 MiB
2026/09/29 14:20:36.623, 0, 2 %, 0 %, 772 MiB
2026/09/29 14:20:36.624, 1, 4 %, 0 %, 772 MiB
2026/09/29 14:20:36.824, 0, 2 %, 0 %, 976 MiB
2026/09/29 14:20:36.824, 1, 4 %, 0 %, 976 MiB
2026/09/29 14:20:37.024, 0, 2 %, 0 %, 1048 MiB
2026/09/29 14:20:37.025, 1, 4 %, 0 %, 1048 MiB
2026/09/29 14:20:37.225, 0, 2 %, 0 %, 2266 MiB
2026/09/29 14:20:37.225, 1, 4 %, 0 %, 2268 MiB
2026/09/29 14:20:37.425, 0, 70 %, 17 %, 2748 MiB
2026/09/29 14:20:37.425, 1, 4 %, 0 %, 2748 MiB
2026/09/29 14:20:37.626, 0, 70 %, 17 %, 2748 MiB
2026/09/29 14:20:37.626, 1, 76 %, 28 %, 2748 MiB
2026/09/29 14:20:37.826, 0, 70 %, 17 %, 2748 MiB
2026/09/29 14:20:37.826, 1, 76 %, 28 %, 2748 MiB
2026/09/29 14:20:38.026, 0, 70 %, 17 %, 2748 MiB
2026/09/29 14:20:38.026, 1, 76 %, 28 %, 2748 MiB
2026/09/29 14:20:38.226, 0, 70 %, 17 %, 2748 MiB
2026/09/29 14:20:38.227, 1, 76 %, 28 %, 2748 MiB
2026/09/29 14:20:38.427, 0, 98 %, 35 %, 2748 MiB
2026/09/29 14:20:38.427, 1, 76 %, 28 %, 2748 MiB
2026/09/29 14:20:38.627, 0, 98 %, 35 %, 2748 MiB
2026/09/29 14:20:38.627, 1, 98 %, 29 %, 2748 MiB
2026/09/29 14:20:38.828, 0, 98 %, 35 %, 2748 MiB
2026/09/29 14:20:38.828, 1, 98 %, 29 %, 2748 MiB
2026/09/29 14:20:39.028, 0, 98 %, 35 %, 2748 MiB
2026/09/29 14:20:39.028, 1, 98 %, 29 %, 2748 MiB
2026/09/29 14:20:39.228, 0, 98 %, 35 %, 2748 MiB
2026/09/29 14:20:39.229, 1, 98 %, 29 %, 2748 MiB
2026/09/29 14:20:39.429, 0, 98 %, 30 %, 2748 MiB
2026/09/29 14:20:39.429, 1, 98 %, 29 %, 2748 MiB
2026/09/29 14:20:39.629, 0, 98 %, 30 %, 2748 MiB
2026/09/29 14:20:39.629, 1, 98 %, 30 %, 2748 MiB
2026/09/29 14:20:39.829, 0, 98 %, 30 %, 2748 MiB
2026/09/29 14:20:39.829, 1, 98 %, 30 %, 2748 MiB
2026/09/29 14:20:40.030, 0, 98 %, 30 %, 2748 MiB
2026/09/29 14:20:40.030, 1, 98 %, 30 %, 2748 MiB
2026/09/29 14:20:40.230, 0, 98 %, 30 %, 2748 MiB
2026/09/29 14:20:40.230, 1, 98 %, 30 %, 2748 MiB
2026/09/29 14:20:40.430, 0, 98 %, 29 %, 2748 MiB
2026/09/29 14:20:40.430, 1, 98 %, 30 %, 2748 MiB
2026/09/29 14:20:40.630, 0, 98 %, 29 %, 2748 MiB
2026/09/29 14:20:40.631, 1, 98 %, 29 %, 2748 MiB
2026/09/29 14:20:40.831, 0, 98 %, 29 %, 2748 MiB
2026/09/29 14:20:40.831, 1, 98 %, 29 %, 2748 MiB
2026/09/29 14:20:41.031, 0, 98 %, 29 %, 2748 MiB
2026/09/29 14:20:41.031, 1, 98 %, 29 %, 2748 MiB
2026/09/29 14:20:41.231, 0, 98 %, 29 %, 2748 MiB
2026/09/29 14:20:41.231, 1, 98 %, 29 %, 2748 MiB
2026/09/29 14:20:41.432, 0, 98 %, 31 %, 2748 MiB
2026/09/29 14:20:41.432, 1, 98 %, 29 %, 2748 MiB
2026/09/29 14:20:41.632, 0, 98 %, 31 %, 2748 MiB
2026/09/29 14:20:41.632, 1, 98 %, 30 %, 2748 MiB
2026/09/29 14:20:41.832, 0, 98 %, 31 %, 2748 MiB
2026/09/29 14:20:41.833, 1, 98 %, 30 %, 2748 MiB
2026/09/29 14:20:42.033, 0, 98 %, 31 %, 2748 MiB
2026/09/29 14:20:42.033, 1, 98 %, 30 %, 2748 MiB
2026/09/29 14:20:42.233, 0, 98 %, 31 %, 2748 MiB
2026/09/29 14:20:42.233, 1, 98 %, 30 %, 2748 MiB
2026/09/29 14:20:42.434, 0, 98 %, 29 %, 2748 MiB
2026/09/29 14:20:42.434, 1, 98 %, 30 %, 2748 MiB
2026/09/29 14:20:42.634, 0, 98 %, 29 %, 2748 MiB
2026/09/29 14:20:42.634, 1, 97 %, 31 %, 2748 MiB
2026/09/29 14:20:42.834, 0, 98 %, 29 %, 2748 MiB
2026/09/29 14:20:42.834, 1, 97 %, 31 %, 2748 MiB
2026/09/29 14:20:43.035, 0, 98 %, 29 %, 2748 MiB
2026/09/29 14:20:43.035, 1, 97 %, 31 %, 2748 MiB
2026/09/29 14:20:43.235, 0, 98 %, 29 %, 2748 MiB
2026/09/29 14:20:43.235, 1, 97 %, 31 %, 2748 MiB
2026/09/29 14:20:43.435, 0, 96 %, 33 %, 2748 MiB
2026/09/29 14:20:43.436, 1, 97 %, 31 %, 2748 MiB
2026/09/29 14:20:43.636, 0, 96 %, 33 %, 2748 MiB
2026/09/29 14:20:43.636, 1, 97 %, 29 %, 2748 MiB
2026/09/29 14:20:43.836, 0, 96 %, 33 %, 2748 MiB
2026/09/29 14:20:43.836, 1, 97 %, 29 %, 2748 MiB
2026/09/29 14:20:44.036, 0, 96 %, 33 %, 2748 MiB
2026/09/29 14:20:44.036, 1, 97 %, 29 %, 2748 MiB
2026/09/29 14:20:44.237, 0, 96 %, 33 %, 2748 MiB
2026/09/29 14:20:44.237, 1, 97 %, 29 %, 2748 MiB
2026/09/29 14:20:44.437, 0, 98 %, 34 %, 2748 MiB
2026/09/29 14:20:44.437, 1, 97 %, 29 %, 2748 MiB
2026/09/29 14:20:44.637, 0, 98 %, 34 %, 2748 MiB
2026/09/29 14:20:44.638, 1, 96 %, 34 %, 2748 MiB
2026/09/29 14:20:44.838, 0, 98 %, 34 %, 2748 MiB
2026/09/29 14:20:44.838, 1, 96 %, 34 %, 2748 MiB
2026/09/29 14:20:45.038, 0, 98 %, 34 %, 2748 MiB
2026/09/29 14:20:45.038, 1, 96 %, 34 %, 2748 MiB
2026/09/29 14:20:45.238, 0, 98 %, 34 %, 2748 MiB
2026/09/29 14:20:45.238, 1, 96 %, 34 %, 2748 MiB
2026/09/29 14:20:45.439, 0, 98 %, 30 %, 2748 MiB
2026/09/29 14:20:45.439, 1, 96 %, 34 %, 2748 MiB
2026/09/29 14:20:45.639, 0, 98 %, 30 %, 2748 MiB
2026/09/29 14:20:45.639, 1, 98 %, 29 %, 2748 MiB
2026/09/29 14:20:45.839, 0, 98 %, 30 %, 2748 MiB
2026/09/29 14:20:45.839, 1, 98 %, 29 %, 2748 MiB
2026/09/29 14:20:46.039, 0, 98 %, 30 %, 2748 MiB
2026/09/29 14:20:46.040, 1, 98 %, 29 %, 2748 MiB
2026/09/29 14:20:46.240, 0, 98 %, 30 %, 2748 MiB
2026/09/29 14:20:46.240, 1, 98 %, 29 %, 2748 MiB
2026/09/29 14:20:46.440, 0, 98 %, 32 %, 2748 MiB
2026/09/29 14:20:46.440, 1, 98 %, 29 %, 2748 MiB
2026/09/29 14:20:46.641, 0, 98 %, 32 %, 2748 MiB
2026/09/29 14:20:46.641, 1, 79 %, 24 %, 2748 MiB
2026/09/29 14:20:46.841, 0, 98 %, 32 %, 2748 MiB
2026/09/29 14:20:46.841, 1, 79 %, 24 %, 2748 MiB
2026/09/29 14:20:47.041, 0, 98 %, 32 %, 2748 MiB
2026/09/29 14:20:47.041, 1, 79 %, 24 %, 2748 MiB
2026/09/29 14:20:47.242, 0, 98 %, 32 %, 2748 MiB
2026/09/29 14:20:47.242, 1, 79 %, 24 %, 2748 MiB
2026/09/29 14:20:47.442, 0, 0 %, 0 %, 2748 MiB
2026/09/29 14:20:47.442, 1, 79 %, 24 %, 2748 MiB
2026/09/29 14:20:47.642, 0, 0 %, 0 %, 2672 MiB
2026/09/29 14:20:47.642, 1, 0 %, 0 %, 2600 MiB
2026/09/29 14:20:47.842, 0, 0 %, 0 %, 2600 MiB
2026/09/29 14:20:47.843, 1, 0 %, 0 %, 2600 MiB
2026/09/29 14:20:48.043, 0, 0 %, 0 %, 2600 MiB
2026/09/29 14:20:48.043, 1, 0 %, 0 %, 2600 MiB
2026/09/29 14:20:48.243, 0, 0 %, 0 %, 2600 MiB
2026/09/29 14:20:48.243, 1, 0 %, 0 %, 2536 MiB
2026/09/29 14:20:48.443, 0, 2 %, 0 %, 2536 MiB
2026/09/29 14:20:48.443, 1, 0 %, 0 %, 2536 MiB
2026/09/29 14:20:48.644, 0, 2 %, 0 %, 2536 MiB
2026/09/29 14:20:48.644, 1, 0 %, 0 %, 2536 MiB
2026/09/29 14:20:48.844, 0, 2 %, 0 %, 2536 MiB
2026/09/29 14:20:48.844, 1, 0 %, 0 %, 2536 MiB
2026/09/29 14:20:49.044, 0, 2 %, 0 %, 4 MiB
2026/09/29 14:20:49.088, 1, 0 %, 0 %, 4 MiB
2026/09/29 14:20:49.288, 0, 2 %, 0 %, 4 MiB
2026/09/29 14:20:49.288, 1, 0 %, 0 %, 4 MiB
2026/09/29 14:20:49.489, 0, 0 %, 0 %, 4 MiB
2026/09/29 14:20:49.489, 1, 0 %, 0 %, 4 MiB
2026/09/29 14:20:49.689, 0, 0 %, 0 %, 4 MiB
2026/09/29 14:20:49.689, 1, 0 %, 0 %, 4 MiB
2026/09/29 14:20:49.889, 0, 0 %, 0 %, 4 MiB
2026/09/29 14:20:49.889, 1, 0 %, 0 %, 4 MiB
2026/09/29 14:20:50.089, 0, 0 %, 0 %, 4 MiB
2026/09/29 14:20:50.090, 1, 0 %, 0 %, 4 MiB
2026/09/29 14:20:50.290, 0, 0 %, 0 %, 4 MiB
2026/09/29 14:20:50.290, 1, 0 %, 0 %, 4 MiB
2026/09/29 14:20:50.490, 0, 0 %, 0 %, 4 MiB
2026/09/29 14:20:50.490, 1, 0 %, 0 %, 4 MiB
2026/09/29 14:20:50.690, 0, 0 %, 0 %, 4 MiB
2026/09/29 14:20:50.690, 1, 0 %, 0 %, 4 MiB
2026/09/29 14:20:50.891, 0, 0 %, 0 %, 4 MiB
2026/09/29 14:20:50.891, 1, 0 %, 0 %, 4 MiB
2026/09/29 14:20:51.091, 0, 0 %, 0 %, 4 MiB
2026/09/29 14:20:51.091, 1, 0 %, 0 %, 4 MiB
2026/09/29 14:20:51.291, 0, 0 %, 0 %, 4 MiB
2026/09/29 14:20:51.291, 1, 0 %, 0 %, 4 MiB
2026/09/29 14:20:51.491, 0, 0 %, 0 %, 4 MiB
2026/09/29 14:20:51.492, 1, 0 %, 0 %, 4 MiB
2026/09/29 14:20:51.692, 0, 0 %, 0 %, 4 MiB
2026/09/29 14:20:51.692, 1, 0 %, 0 %, 4 MiB
2026/09/29 14:20:51.892, 0, 0 %, 0 %, 4 MiB
2026/09/29 14:20:51.892, 1, 0 %, 0 %, 4 MiB
2026/09/29 14:20:52.092, 0, 0 %, 0 %, 4 MiB
2026/09/29 14:20:52.092, 1, 0 %, 0 %, 4 MiB
2026/09/29 14:20:52.293, 0, 0 %, 0 %, 4 MiB
2026/09/29 14:20:52.293, 1, 0 %, 0 %, 4 MiB
2026/09/29 14:20:52.493, 0, 0 %, 0 %, 4 MiB
2026/09/29 14:20:52.493, 1, 0 %, 0 %, 4 MiB
2026/09/29 14:20:52.693, 0, 0 %, 0 %, 4 MiB
2026/09/29 14:20:52.693, 1, 0 %, 0 %, 4 MiB
2026/09/29 14:20:52.893, 0, 0 %, 0 %, 4 MiB
2026/09/29 14:20:52.894, 1, 0 %, 0 %, 4 MiB
2026/09/29 14:20:53.094, 0, 0 %, 0 %, 4 MiB
2026/09/29 14:20:53.094, 1, 0 %, 0 %, 4 MiB
2026/09/29 14:20:53.294, 0, 0 %, 0 %, 4 MiB
2026/09/29 14:20:53.294, 1, 0 %, 0 %, 4 MiB
2026/09/29 14:20:53.494, 0, 0 %, 0 %, 4 MiB
2026/09/29 14:20:53.494, 1, 0 %, 0 %, 4 MiB
2026/09/29 14:20:53.695, 0, 0 %, 0 %, 4 MiB
2026/09/29 14:20:53.695, 1, 0 %, 0 %, 4 MiB
2026/09/29 14:20:53.895, 0, 0 %, 0 %, 4 MiB
2026/09/29 14:20:53.895, 1, 0 %, 0 %, 4 MiB
2026/09/29 14:20:54.095, 0, 0 %, 0 %, 4 MiB
2026/09/29 14:20:54.095, 1, 0 %, 0 %, 4 MiB
2026/09/29 14:20:54.296, 0, 0 %, 0 %, 4 MiB
2026/09/29 14:20:54.296, 1, 0 %, 0 %, 4 MiB
2026/09/29 14:20:54.496, 0, 0 %, 0 %, 4 MiB
2026/09/29 14:20:54.496, 1, 0 %, 0 %, 4 MiB
2026/09/29 14:20:54.696, 0, 0 %, 0 %, 4 MiB
2026/09/29 14:20:54.696, 1, 0 %, 0 %, 4 MiB
2026/09/29 14:20:54.896, 0, 0 %, 0 %, 4 MiB
2026/09/29 14:20:54.897, 1, 0 %, 0 %, 4 MiB
2026/09/29 14:20:55.097, 0, 0 %, 0 %, 4 MiB
2026/09/29 14:20:55.097, 1, 0 %, 0 %, 4 MiB
2026/09/29 14:20:55.297, 0, 0 %, 0 %, 4 MiB
2026/09/29 14:20:55.297, 1, 0 %, 0 %, 4 MiB
2026/09/29 14:20:55.497, 0, 0 %, 0 %, 4 MiB
2026/09/29 14:20:55.497, 1, 0 %, 0 %, 4 MiB
2026/09/29 14:20:55.698, 0, 0 %, 0 %, 4 MiB
2026/09/29 14:20:55.698, 1, 0 %, 0 %, 4 MiB
2026/09/29 14:20:55.898, 0, 0 %, 0 %, 4 MiB
2026/09/29 14:20:55.898, 1, 0 %, 0 %, 4 MiB
2026/09/29 14:20:56.098, 0, 0 %, 0 %, 4 MiB
2026/09/29 14:20:56.098, 1, 0 %, 0 %, 4 MiB
2026/09/29 14:20:56.299, 0, 0 %, 0 %, 4 MiB
2026/09/29 14:20:56.300, 1, 0 %, 0 %, 4 MiB
2026/09/29 14:20:56.501, 0, 0 %, 0 %, 4 MiB
2026/09/29 14:20:56.501, 1, 0 %, 0 %, 4 MiB
2026/09/29 14:20:56.701, 0, 0 %, 0 %, 4 MiB
2026/09/29 14:20:56.701, 1, 0 %, 0 %, 4 MiB
2026/09/29 14:20:56.902, 0, 0 %, 0 %, 4 MiB
2026/09/29 14:20:56.902, 1, 0 %, 0 %, 4 MiB
2026/09/29 14:20:57.102, 0, 0 %, 0 %, 4 MiB
2026/09/29 14:20:57.102, 1, 0 %, 0 %, 4 MiB
2026/09/29 14:20:57.302, 0, 0 %, 0 %, 4 MiB
2026/09/29 14:20:57.302, 1, 0 %, 0 %, 4 MiB
2026/09/29 14:20:57.502, 0, 0 %, 0 %, 4 MiB
2026/09/29 14:20:57.503, 1, 0 %, 0 %, 4 MiB
2026/09/29 14:20:57.703, 0, 0 %, 0 %, 4 MiB
2026/09/29 14:20:57.703, 1, 0 %, 0 %, 4 MiB
2026/09/29 14:20:57.903, 0, 0 %, 0 %, 4 MiB
2026/09/29 14:20:57.903, 1, 0 %, 0 %, 4 MiB
2026/09/29 14:20:58.103, 0, 0 %, 0 %, 4 MiB
2026/09/29 14:20:58.103, 1, 0 %, 0 %, 4 MiB
2026/09/29 14:20:58.304, 0, 0 %, 0 %, 4 MiB
2026/09/29 14:20:58.304, 1, 0 %, 0 %, 4 MiB
2026/09/29 14:20:58.504, 0, 0 %, 0 %, 4 MiB
2026/09/29 14:20:58.504, 1, 0 %, 0 %, 4 MiB
2026/09/29 14:20:58.704, 0, 0 %, 0 %, 4 MiB
2026/09/29 14:20:58.704, 1, 0 %, 0 %, 4 MiB
2026/09/29 14:20:58.905, 0, 0 %, 0 %, 4 MiB
2026/09/29 14:20:58.905, 1, 0 %, 0 %, 4 MiB
2026/09/29 14:20:59.105, 0, 0 %, 0 %, 4 MiB
2026/09/29 14:20:59.105, 1, 0 %, 0 %, 4 MiB
2026/09/29 14:20:59.305, 0, 0 %, 0 %, 4 MiB
2026/09/29 14:20:59.305, 1, 0 %, 0 %, 4 MiB
2026/09/29 14:20:59.505, 0, 0 %, 0 %, 4 MiB
2026/09/29 14:20:59.506, 1, 0 %, 0 %, 4 MiB
2026/09/29 14:20:59.706, 0, 0 %, 0 %, 4 MiB
2026/09/29 14:20:59.706, 1, 0 %, 0 %, 4 MiB
2026/09/29 14:20:59.906, 0, 0 %, 0 %, 4 MiB
2026/09/29 14:20:59.906, 1, 0 %, 0 %, 4 MiB
2026/09/29 14:21:00.106, 0, 0 %, 0 %, 4 MiB
2026/09/29 14:21:00.106, 1, 0 %, 0 %, 4 MiB
2026/09/29 14:21:00.307, 0, 0 %, 0 %, 4 MiB
2026/09/29 14:21:00.307, 1, 0 %, 0 %, 4 MiB
2026/09/29 14:21:00.507, 0, 0 %, 0 %, 4 MiB
2026/09/29 14:21:00.507, 1, 0 %, 0 %, 4 MiB
2026/09/29 14:21:00.707, 0, 0 %, 0 %, 4 MiB
2026/09/29 14:21:00.707, 1, 0 %, 0 %, 4 MiB
2026/09/29 14:21:00.908, 0, 0 %, 0 %, 4 MiB
2026/09/29 14:21:00.908, 1, 0 %, 0 %, 4 MiB
2026/09/29 14:21:01.108, 0, 0 %, 0 %, 4 MiB
2026/09/29 14:21:01.108, 1, 0 %, 0 %, 4 MiB
2026/09/29 14:21:01.308, 0, 0 %, 0 %, 4 MiB
2026/09/29 14:21:01.308, 1, 0 %, 0 %, 4 MiB
2026/09/29 14:21:01.509, 0, 0 %, 0 %, 4 MiB
2026/09/29 14:21:01.509, 1, 0 %, 0 %, 4 MiB
2026/09/29 14:21:01.709, 0, 0 %, 0 %, 4 MiB
2026/09/29 14:21:01.709, 1, 0 %, 0 %, 4 MiB
2026/09/29 14:21:01.909, 0, 0 %, 0 %, 2 MiB
2026/09/29 14:21:01.911, 1, 0 %, 0 %, 4 MiB
2026/09/29 14:21:02.111, 0, 0 %, 0 %, 1 MiB
2026/09/29 14:21:02.111, 1, 0 %, 0 %, 1 MiB
2026/09/29 14:21:02.311, 0, 0 %, 0 %, 1 MiB
2026/09/29 14:21:02.311, 1, 0 %, 0 %, 1 MiB
2026/09/29 14:21:02.511, 0, 0 %, 0 %, 1 MiB
2026/09/29 14:21:02.512, 1, 0 %, 0 %, 1 MiB
2026/09/29 14:21:02.712, 0, 0 %, 0 %, 1 MiB
2026/09/29 14:21:02.712, 1, 0 %, 0 %, 1 MiB
2026/09/29 14:21:02.912, 0, 0 %, 0 %, 1 MiB
2026/09/29 14:21:02.912, 1, 0 %, 0 %, 1 MiB
2026/09/29 14:21:03.112, 0, 0 %, 0 %, 1 MiB
2026/09/29 14:21:03.112, 1, 0 %, 0 %, 1 MiB
2026/09/29 14:21:03.313, 0, 0 %, 0 %, 1 MiB
2026/09/29 14:21:03.313, 1, 0 %, 0 %, 1 MiB
2026/09/29 14:21:03.513, 0, 0 %, 0 %, 1 MiB
2026/09/29 14:21:03.513, 1, 0 %, 0 %, 1 MiB
2026/09/29 14:21:03.713, 0, 0 %, 0 %, 1 MiB
2026/09/29 14:21:03.713, 1, 0 %, 0 %, 1 MiB
2026/09/29 14:21:03.913, 0, 0 %, 0 %, 1 MiB
2026/09/29 14:21:03.914, 1, 0 %, 0 %, 1 MiB
2026/09/29 14:21:04.114, 0, 0 %, 0 %, 1 MiB
2026/09/29 14:21:04.114, 1, 0 %, 0 %, 1 MiB
2026/09/29 14:21:04.314, 0, 0 %, 0 %, 1 MiB
2026/09/29 14:21:04.314, 1, 0 %, 0 %, 1 MiB
2026/09/29 14:21:04.514, 0, 0 %, 0 %, 1 MiB
2026/09/29 14:21:04.514, 1, 0 %, 0 %, 1 MiB
2026/09/29 14:21:04.715, 0, 0 %, 0 %, 1 MiB
2026/09/29 14:21:04.715, 1, 0 %, 0 %, 1 MiB
2026/09/29 14:21:04.915, 0, 0 %, 0 %, 1 MiB
2026/09/29 14:21:04.915, 1, 0 %, 0 %, 1 MiB
2026/09/29 14:21:05.115, 0, 0 %, 0 %, 1 MiB
2026/09/29 14:21:05.115, 1, 0 %, 0 %, 1 MiB
2026/09/29 14:21:05.315, 0, 0 %, 0 %, 1 MiB
2026/09/29 14:21:05.316, 1, 0 %, 0 %, 1 MiB
2026/09/29 14:21:05.516, 0, 0 %, 0 %, 1 MiB
2026/09/29 14:21:05.516, 1, 0 %, 0 %, 1 MiB
2026/09/29 14:21:05.716, 0, 0 %, 0 %, 1 MiB
2026/09/29 14:21:05.716, 1, 0 %, 0 %, 1 MiB
2026/09/29 14:21:05.916, 0, 0 %, 0 %, 1 MiB
2026/09/29 14:21:05.916, 1, 0 %, 0 %, 1 MiB
2026/09/29 14:21:06.117, 0, 0 %, 0 %, 1 MiB
2026/09/29 14:21:06.117, 1, 0 %, 0 %, 1 MiB
2026/09/29 14:21:06.317, 0, 0 %, 0 %, 1 MiB
2026/09/29 14:21:06.317, 1, 0 %, 0 %, 1 MiB
2026/09/29 14:21:06.517, 0, 0 %, 0 %, 1 MiB
2026/09/29 14:21:06.517, 1, 0 %, 0 %, 1 MiB
2026/09/29 14:21:06.717, 0, 0 %, 0 %, 1 MiB
2026/09/29 14:21:06.718, 1, 0 %, 0 %, 1 MiB
2026/09/29 14:21:06.918, 0, 0 %, 0 %, 1 MiB
2026/09/29 14:21:06.918, 1, 0 %, 0 %, 1 MiB
2026/09/29 14:21:07.118, 0, 0 %, 0 %, 1 MiB
2026/09/29 14:21:07.118, 1, 0 %, 0 %, 1 MiB
2026/09/29 14:21:07.318, 0, 0 %, 0 %, 1 MiB
2026/09/29 14:21:07.318, 1, 0 %, 0 %, 1 MiB
2026/09/29 14:21:07.519, 0, 0 %, 0 %, 1 MiB
2026/09/29 14:21:07.519, 1, 0 %, 0 %, 1 MiB
2026/09/29 14:21:07.719, 0, 0 %, 0 %, 1 MiB
2026/09/29 14:21:07.719, 1, 0 %, 0 %, 1 MiB
2026/09/29 14:21:07.919, 0, 0 %, 0 %, 1 MiB
2026/09/29 14:21:07.919, 1, 0 %, 0 %, 1 MiB
2026/09/29 14:21:08.120, 0, 0 %, 0 %, 1 MiB
2026/09/29 14:21:08.120, 1, 0 %, 0 %, 1 MiB
2026/09/29 14:21:08.320, 0, 0 %, 0 %, 1 MiB
2026/09/29 14:21:08.320, 1, 0 %, 0 %, 1 MiB
2026/09/29 14:21:08.520, 0, 0 %, 0 %, 1 MiB
2026/09/29 14:21:08.520, 1, 0 %, 0 %, 1 MiB
2026/09/29 14:21:08.720, 0, 0 %, 0 %, 1 MiB
2026/09/29 14:21:08.721, 1, 0 %, 0 %, 1 MiB
2026/09/29 14:21:08.921, 0, 0 %, 0 %, 1 MiB
2026/09/29 14:21:08.921, 1, 0 %, 0 %, 1 MiB
2026/09/29 14:21:09.121, 0, 0 %, 0 %, 1 MiB
2026/09/29 14:21:09.121, 1, 0 %, 0 %, 1 MiB
2026/09/29 14:21:09.321, 0, 0 %, 0 %, 1 MiB
2026/09/29 14:21:09.321, 1, 0 %, 0 %, 1 MiB
2026/09/29 14:21:09.522, 0, 0 %, 0 %, 1 MiB
2026/09/29 14:21:09.522, 1, 0 %, 0 %, 1 MiB
2026/09/29 14:21:09.722, 0, 0 %, 0 %, 1 MiB
2026/09/29 14:21:09.722, 1, 0 %, 0 %, 1 MiB
2026/09/29 14:21:09.922, 0, 0 %, 0 %, 1 MiB
2026/09/29 14:21:09.922, 1, 0 %, 0 %, 1 MiB
2026/09/29 14:21:10.123, 0, 0 %, 0 %, 1 MiB
2026/09/29 14:21:10.123, 1, 0 %, 0 %, 1 MiB
2026/09/29 14:21:10.323, 0, 0 %, 0 %, 1 MiB
2026/09/29 14:21:10.323, 1, 0 %, 0 %, 1 MiB
2026/09/29 14:21:10.523, 0, 0 %, 0 %, 1 MiB
2026/09/29 14:21:10.523, 1, 0 %, 0 %, 1 MiB
2026/09/29 14:21:10.724, 0, 0 %, 0 %, 1 MiB
2026/09/29 14:21:10.724, 1, 0 %, 0 %, 1 MiB
2026/09/29 14:21:10.924, 0, 0 %, 0 %, 1 MiB
2026/09/29 14:21:10.924, 1, 0 %, 0 %, 1 MiB
2026/09/29 14:21:11.124, 0, 0 %, 0 %, 1 MiB
2026/09/29 14:21:11.124, 1, 0 %, 0 %, 1 MiB
2026/09/29 14:21:11.325, 0, 0 %, 0 %, 1 MiB
2026/09/29 14:21:11.325, 1, 0 %, 0 %, 1 MiB
2026/09/29 14:21:11.525, 0, 0 %, 0 %, 1 MiB
2026/09/29 14:21:11.525, 1, 0 %, 0 %, 1 MiB
2026/09/29 14:21:11.725, 0, 0 %, 0 %, 1 MiB
2026/09/29 14:21:11.725, 1, 0 %, 0 %, 1 MiB
2026/09/29 14:21:11.925, 0, 0 %, 0 %, 1 MiB
2026/09/29 14:21:11.926, 1, 0 %, 0 %, 1 MiB
2026/09/29 14:21:12.126, 0, 0 %, 0 %, 1 MiB
2026/09/29 14:21:12.126, 1, 0 %, 0 %, 1 MiB
2026/09/29 14:21:12.326, 0, 0 %, 0 %, 1 MiB
2026/09/29 14:21:12.326, 1, 0 %, 0 %, 1 MiB
2026/09/29 14:21:12.526, 0, 0 %, 0 %, 1 MiB
2026/09/29 14:21:12.526, 1, 0 %, 0 %, 1 MiB
2026/09/29 14:21:12.727, 0, 0 %, 0 %, 1 MiB
2026/09/29 14:21:12.727, 1, 0 %, 0 %, 1 MiB
2026/09/29 14:21:12.927, 0, 0 %, 0 %, 1 MiB
2026/09/29 14:21:12.927, 1, 0 %, 0 %, 1 MiB
2026/09/29 14:21:13.127, 0, 0 %, 0 %, 1 MiB
2026/09/29 14:21:13.127, 1, 0 %, 0 %, 1 MiB
2026/09/29 14:21:13.328, 0, 0 %, 0 %, 1 MiB
2026/09/29 14:21:13.328, 1, 0 %, 0 %, 1 MiB
2026/09/29 14:21:13.528, 0, 0 %, 0 %, 1 MiB
2026/09/29 14:21:13.528, 1, 0 %, 0 %, 1 MiB
2026/09/29 14:21:13.728, 0, 0 %, 0 %, 1 MiB
2026/09/29 14:21:13.728, 1, 0 %, 0 %, 1 MiB
2026/09/29 14:21:13.928, 0, 0 %, 0 %, 1 MiB
2026/09/29 14:21:13.929, 1, 0 %, 0 %, 1 MiB
2026/09/29 14:21:14.129, 0, 0 %, 0 %, 1 MiB
2026/09/29 14:21:14.129, 1, 0 %, 0 %, 1 MiB
2026/09/29 14:21:14.329, 0, 0 %, 0 %, 1 MiB
2026/09/29 14:21:14.329, 1, 0 %, 0 %, 1 MiB
2026/09/29 14:21:14.529, 0, 0 %, 0 %, 1 MiB
2026/09/29 14:21:14.529, 1, 0 %, 0 %, 1 MiB
2026/09/29 14:21:14.730, 0, 0 %, 0 %, 1 MiB
2026/09/29 14:21:14.730, 1, 0 %, 0 %, 1 MiB
2026/09/29 14:21:14.930, 0, 0 %, 0 %, 1 MiB
2026/09/29 14:21:14.930, 1, 0 %, 0 %, 1 MiB
2026/09/29 14:21:15.130, 0, 0 %, 0 %, 1 MiB
2026/09/29 14:21:15.130, 1, 0 %, 0 %, 1 MiB
2026/09/29 14:21:15.330, 0, 0 %, 0 %, 1 MiB
2026/09/29 14:21:15.331, 1, 0 %, 0 %, 1 MiB
2026/09/29 14:21:15.531, 0, 0 %, 0 %, 1 MiB
2026/09/29 14:21:15.531, 1, 0 %, 0 %, 1 MiB
2026/09/29 14:21:15.731, 0, 0 %, 0 %, 1 MiB
2026/09/29 14:21:15.731, 1, 0 %, 0 %, 1 MiB
2026/09/29 14:21:15.931, 0, 0 %, 0 %, 1 MiB
2026/09/29 14:21:15.931, 1, 0 %, 0 %, 1 MiB
2026/09/29 14:21:16.132, 0, 0 %, 0 %, 1 MiB
2026/09/29 14:21:16.132, 1, 0 %, 0 %, 1 MiB
2026/09/29 14:21:16.332, 0, 0 %, 0 %, 1 MiB
2026/09/29 14:21:16.332, 1, 0 %, 0 %, 1 MiB
2026/09/29 14:21:16.532, 0, 0 %, 0 %, 1 MiB
2026/09/29 14:21:16.532, 1, 0 %, 0 %, 1 MiB
2026/09/29 14:21:16.733, 0, 0 %, 0 %, 1 MiB
2026/09/29 14:21:16.733, 1, 0 %, 0 %, 1 MiB
2026/09/29 14:21:16.933, 0, 0 %, 0 %, 1 MiB
2026/09/29 14:21:16.933, 1, 0 %, 0 %, 1 MiB
2026/09/29 14:21:17.133, 0, 0 %, 0 %, 1 MiB
2026/09/29 14:21:17.133, 1, 0 %, 0 %, 1 MiB
2026/09/29 14:21:17.333, 0, 0 %, 0 %, 1 MiB
2026/09/29 14:21:17.334, 1, 0 %, 0 %, 1 MiB
2026/09/29 14:21:17.534, 0, 0 %, 0 %, 1 MiB
2026/09/29 14:21:17.534, 1, 0 %, 0 %, 1 MiB
2026/09/29 14:21:17.734, 0, 0 %, 0 %, 1 MiB
2026/09/29 14:21:17.734, 1, 0 %, 0 %, 1 MiB
2026/09/29 14:21:17.934, 0, 0 %, 0 %, 1 MiB
2026/09/29 14:21:17.934, 1, 0 %, 0 %, 1 MiB
2026/09/29 14:21:18.135, 0, 0 %, 0 %, 1 MiB
2026/09/29 14:21:18.135, 1, 0 %, 0 %, 1 MiB
2026/09/29 14:21:18.335, 0, 0 %, 0 %, 1 MiB
2026/09/29 14:21:18.335, 1, 0 %, 0 %, 1 MiB
2026/09/29 14:21:18.535, 0, 0 %, 0 %, 1 MiB
2026/09/29 14:21:18.535, 1, 0 %, 0 %, 1 MiB
2026/09/29 14:21:18.735, 0, 0 %, 0 %, 1 MiB
2026/09/29 14:21:18.736, 1, 0 %, 0 %, 1 MiB
2026/09/29 14:21:18.936, 0, 0 %, 0 %, 1 MiB
2026/09/29 14:21:18.936, 1, 0 %, 0 %, 1 MiB
2026/09/29 14:21:19.136, 0, 0 %, 0 %, 1 MiB
2026/09/29 14:21:19.136, 1, 0 %, 0 %, 1 MiB
2026/09/29 14:21:19.336, 0, 0 %, 0 %, 1 MiB
2026/09/29 14:21:19.336, 1, 0 %, 0 %, 1 MiB
2026/09/29 14:21:19.537, 0, 0 %, 0 %, 1 MiB
2026/09/29 14:21:19.537, 1, 0 %, 0 %, 1 MiB
2026/09/29 14:21:19.737, 0, 0 %, 0 %, 1 MiB
2026/09/29 14:21:19.737, 1, 0 %, 0 %, 1 MiB
2026/09/29 14:21:19.937, 0, 0 %, 0 %, 1 MiB
2026/09/29 14:21:19.937, 1, 0 %, 0 %, 1 MiB
2026/09/29 14:21:20.137, 0, 0 %, 0 %, 1 MiB
2026/09/29 14:21:20.138, 1, 0 %, 0 %, 1 MiB
2026/09/29 14:21:20.338, 0, 0 %, 0 %, 1 MiB
2026/09/29 14:21:20.338, 1, 0 %, 0 %, 1 MiB
2026/09/29 14:21:20.538, 0, 0 %, 0 %, 1 MiB
2026/09/29 14:21:20.538, 1, 0 %, 0 %, 1 MiB
2026/09/29 14:21:20.738, 0, 0 %, 0 %, 1 MiB
2026/09/29 14:21:20.738, 1, 0 %, 0 %, 1 MiB
2026/09/29 14:21:20.939, 0, 0 %, 0 %, 1 MiB
2026/09/29 14:21:20.939, 1, 0 %, 0 %, 1 MiB
2026/09/29 14:21:21.139, 0, 0 %, 0 %, 1 MiB
2026/09/29 14:21:21.139, 1, 0 %, 0 %, 1 MiB
2026/09/29 14:21:21.339, 0, 0 %, 0 %, 1 MiB
2026/09/29 14:21:21.339, 1, 0 %, 0 %, 1 MiB
2026/09/29 14:21:21.540, 0, 0 %, 0 %, 1 MiB
2026/09/29 14:21:21.540, 1, 0 %, 0 %, 1 MiB
2026/09/29 14:21:21.740, 0, 0 %, 0 %, 1 MiB
2026/09/29 14:21:21.740, 1, 0 %, 0 %, 1 MiB
2026/09/29 14:21:21.940, 0, 0 %, 0 %, 1 MiB
2026/09/29 14:21:21.940, 1, 0 %, 0 %, 1 MiB
2026/09/29 14:21:22.140, 0, 0 %, 0 %, 1 MiB
2026/09/29 14:21:22.141, 1, 0 %, 0 %, 1 MiB
2026/09/29 14:21:22.341, 0, 0 %, 0 %, 1 MiB
2026/09/29 14:21:22.341, 1, 0 %, 0 %, 1 MiB
2026/09/29 14:21:22.541, 0, 0 %, 0 %, 1 MiB
2026/09/29 14:21:22.541, 1, 0 %, 0 %, 1 MiB
2026/09/29 14:21:22.741, 0, 0 %, 0 %, 1 MiB
2026/09/29 14:21:22.741, 1, 0 %, 0 %, 1 MiB
2026/09/29 14:21:22.942, 0, 0 %, 0 %, 1 MiB
2026/09/29 14:21:22.942, 1, 0 %, 0 %, 1 MiB
2026/09/29 14:21:23.142, 0, 0 %, 0 %, 1 MiB
2026/09/29 14:21:23.142, 1, 0 %, 0 %, 1 MiB
2026/09/29 14:21:23.342, 0, 0 %, 0 %, 1 MiB
2026/09/29 14:21:23.342, 1, 0 %, 0 %, 1 MiB
2026/09/29 14:21:23.542, 0, 0 %, 0 %, 1 MiB
2026/09/29 14:21:23.543, 1, 0 %, 0 %, 1 MiB
2026/09/29 14:21:23.743, 0, 0 %, 0 %, 1 MiB
2026/09/29 14:21:23.743, 1, 0 %, 0 %, 1 MiB
2026/09/29 14:21:23.943, 0, 0 %, 0 %, 1 MiB
2026/09/29 14:21:23.943, 1, 0 %, 0 %, 1 MiB
2026/09/29 14:21:24.143, 0, 0 %, 0 %, 1 MiB
2026/09/29 14:21:24.143, 1, 0 %, 0 %, 1 MiB
2026/09/29 14:21:24.344, 0, 0 %, 0 %, 1 MiB
2026/09/29 14:21:24.344, 1, 0 %, 0 %, 1 MiB
2026/09/29 14:21:24.544, 0, 0 %, 0 %, 1 MiB
2026/09/29 14:21:24.544, 1, 0 %, 0 %, 1 MiB
2026/09/29 14:21:24.744, 0, 0 %, 0 %, 1 MiB
2026/09/29 14:21:24.744, 1, 0 %, 0 %, 1 MiB
2026/09/29 14:21:24.945, 0, 0 %, 0 %, 1 MiB
2026/09/29 14:21:24.945, 1, 0 %, 0 %, 1 MiB
2026/09/29 14:21:25.145, 0, 0 %, 0 %, 1 MiB
2026/09/29 14:21:25.145, 1, 0 %, 0 %, 1 MiB
2026/09/29 14:21:25.345, 0, 0 %, 0 %, 1 MiB
2026/09/29 14:21:25.345, 1, 0 %, 0 %, 1 MiB
2026/09/29 14:21:25.546, 0, 0 %, 0 %, 1 MiB
2026/09/29 14:21:25.546, 1, 0 %, 0 %, 1 MiB
2026/09/29 14:21:25.746, 0, 0 %, 0 %, 1 MiB
2026/09/29 14:21:25.746, 1, 0 %, 0 %, 1 MiB
2026/09/29 14:21:25.947, 0, 0 %, 0 %, 1 MiB
2026/09/29 14:21:25.947, 1, 0 %, 0 %, 1 MiB
2026/09/29 14:21:26.147, 0, 0 %, 0 %, 1 MiB
2026/09/29 14:21:26.147, 1, 0 %, 0 %, 1 MiB
2026/09/29 14:21:26.348, 0, 0 %, 0 %, 1 MiB
2026/09/29 14:21:26.348, 1, 0 %, 0 %, 1 MiB
2026/09/29 14:21:26.548, 0, 0 %, 0 %, 1 MiB
2026/09/29 14:21:26.548, 1, 0 %, 0 %, 1 MiB
2026/09/29 14:21:26.748, 0, 0 %, 0 %, 1 MiB
2026/09/29 14:21:26.748, 1, 0 %, 0 %, 1 MiB
2026/09/29 14:21:26.949, 0, 0 %, 0 %, 1 MiB
2026/09/29 14:21:26.949, 1, 0 %, 0 %, 1 MiB
2026/09/29 14:21:27.149, 0, 0 %, 0 %, 1 MiB
2026/09/29 14:21:27.149, 1, 0 %, 0 %, 1 MiB
2026/09/29 14:21:27.349, 0, 0 %, 0 %, 1 MiB
2026/09/29 14:21:27.349, 1, 0 %, 0 %, 1 MiB
